label	aoa	concreteness_difference	log10_frequency	cd_distance	w2v_distance	wordnet_distance	senses
-1	19	70	0.641	0.3611	0.886704571545124	0.7924431388572711	2
-1	41	53	1.0730999999999997	0.5832000000000002	0.9555405229330063	0.7429683136578511	9
-1	53	114	0.6523000000000003	0.3838999999999997	0.8642092347145081	0.8629891198788742	0
-1	17	36	1.3430999999999997	1.0484999999999998	0.9441699422895908	0.7463375132237084	34
-1	79	16	0.006699999999999928	0.10330000000000039	0.9736652486026287	0.7669101369438924	4
-1	73	11	0.9903	1.0112	0.9145703613758087	0.7616542297089943	7
-1	76	25	1.1793000000000005	1.1459000000000001	0.9588513821363449	0.7904382110915322	16
-1	14	14	0.0049000000000001265	0.023199999999999665	0.8855632171034813	0.7696691706985824	1
-1	22	29	0.8649	0.5781999999999998	0.973256204277277	0.8241489952828962	4
-1	98	102	0.3122999999999996	0.16789999999999994	0.9334993362426758	0.7965090787704044	7
-1	119	1	0.3546999999999998	0.16979999999999995	0.7388262748718262	0.8002376222517923	11
-1	103	29	1.3767000000000005	0.9602000000000004	0.8538549244403839	0.6131515192155925	1
-1	225	53	0.0051000000000001044	0.12009999999999987	0.9847639389336109	0.7725438643436764	1
-1	25	94	0.7948000000000004	0.5173000000000001	0.8755131661891937	0.8118933976314	5
-1	36	106	1.0387000000000004	0.47029999999999994	0.9456295743584633	0.6229118270575315	0
-1	16	12	0.10840000000000005	0.10220000000000029	0.9593569599092007	0.8095728151400421	19
-1	9	27	0.21940000000000026	0.2227999999999999	0.7363503575325012	0.7846551274376352	8
-1	39	130	0.4563999999999999	0.40759999999999996	0.8852831721305847	0.6831248676933661	14
-1	50	3	0.2591000000000001	0.4376000000000002	0.696636438369751	0.7557543626925202	9
-1	147	44	1.0995000000000004	0.9810000000000003	0.9681353904306889	0.8085295300030207	4
-1	74	288	1.0328000000000004	0.4483999999999999	0.9326615631580353	0.7886133620421547	1
-1	31	200	0.7749000000000001	0.7303999999999999	0.9128214716911316	0.7858029348409712	3
-1	42	124	0.9627999999999997	0.7963	0.9613313637673855	0.8485869170389294	1
-1	9	16	0.5106999999999999	0.4799000000000002	0.9474413692951202	0.7981652313728829	3
-1	3	65	0.9887000000000001	0.6974	0.9817848093807697	0.8504942798286452	7
-1	77	6	0.4144000000000001	0.42879999999999985	0.9174803197383881	0.7295691150954309	3
-1	169	186	0.06009999999999982	0.019099999999999895	0.9513598755002022	0.8293045799994734	1
-1	33	83	0.6343999999999999	0.43039999999999967	1.0017423257231712	0.8230276130817926	1
-1	23	4	1.2633000000000005	0.8063000000000002	0.9360516220331192	0.6861877432852664	2
-1	103	55	0.36450000000000005	0.3126000000000002	0.8315164148807526	0.8014321508307699	15
-1	248	65	0.04120000000000035	0.03320000000000034	0.8356376737356186	0.5901341940557627	7
-1	0	88	0.4310999999999998	0.27259999999999973	0.9679688811302185	0.8195090625550259	9
-1	5	170	1.2203000000000004	1.0036	0.9194277971982956	0.7963930893634045	11
-1	78	74	0.7332999999999998	0.6190000000000002	0.9763486497104168	0.8114480366125103	2
-1	20	42	1.9597000000000002	1.8369999999999997	1.0249481461942196	0.8112926985295407	3
-1	58	32	0.7391000000000001	0.7803	0.8962047100067139	0.6172735760971055	1
-1	94	56	0.37650000000000006	0.2006000000000001	0.870610922574997	0.7905757743236634	1
-1	31	40	0.8367	0.5751	0.9003945589065552	0.8121778822199582	11
-1	14	189	0.4535	0.29959999999999987	0.8583747148513794	0.8361301145821269	1
-1	100	141	0.7645	0.6070000000000002	0.9289359599351883	0.7589204958554804	3
-1	61	21	0.3915000000000002	0.39239999999999986	0.9291426464915276	0.8069919498490927	19
-1	72	153	1.2377000000000002	1.088	0.91008510440588	0.8371254807207315	7
-1	116	11	1.408	1.0619	0.968943789601326	0.832903920316201	1
-1	115	124	0.7183999999999999	0.9211	0.8178155422210693	0.907576609097195	11
-1	72	60	0.2089000000000003	0.012599999999999945	0.956770695745945	0.7577073597197437	8
-1	39	74	0.4890000000000003	0.6286	0.9377189204096794	0.6214761759244529	1
-1	72	27	0.44330000000000025	0.3448000000000002	0.9777585342526436	0.8043832256416692	3
-1	100	84	0.4889999999999999	0.5222000000000002	0.8760579824447632	0.833631988463496	1
-1	309	31	0.4072	0.22930000000000028	0.9686148948967457	0.7207246056317264	6
-1	64	59	0.6684000000000001	0.5516000000000001	0.72151780128479	0.797580643010486	6
-1	78	30	0.6787000000000001	0.6179000000000001	0.591311901807785	0.553030303030303	1
-1	41	7	0.18599999999999994	0.04010000000000025	0.8441542387008667	0.7676800667512742	10
-1	50	22	0.25839999999999996	0.15989999999999993	0.8882855251431465	0.8027307568974236	7
-1	84	11	0.8102	0.7443	0.9182700142264366	0.7963895672229006	7
-1	62	98	0.46099999999999985	0.06559999999999988	0.9302128776907921	0.8263707815942303	1
-1	81	11	0.5460000000000003	0.38119999999999976	0.7399753332138062	0.4095238095238095	2
-1	45	35	0.47460000000000013	0.41339999999999977	0.957954578101635	0.787109480851188	1
-1	52	5	0.738	0.6473999999999998	0.8676301836967468	0.8207210383846828	1
-1	58	50	0.5575999999999999	0.40090000000000003	0.9744685012847185	0.81940179646062	7
-1	39	45	0.6031	0.504	0.9178061932325363	0.7815201575968382	1
-1	64	49	0.26069999999999993	0.45230000000000015	0.8016298413276672	0.7645156094299406	9
-1	36	24	1.2443000000000004	1.0745	0.9163118973374367	0.6567199248120301	0
-1	175	167	0.20809999999999995	0.2952999999999997	0.9115870669484138	0.8084875001541668	3
-1	45	22	0.3794999999999997	0.36650000000000027	0.924567773938179	0.8173105261074495	4
-1	61	141	0.5458000000000003	0.46220000000000017	0.9025532752275467	0.8054324463415372	9
-1	62	127	0.22099999999999964	0.32730000000000015	0.9762321449816227	0.7904441168566556	3
-1	264	100	0.46179999999999977	0.41159999999999997	0.9504527077078819	0.8313704758219077	0
-1	81	9	0.22589999999999977	0.0844999999999998	0.8577674031257629	0.8364361373039718	2
-1	86	11	0.7246999999999999	0.8252000000000002	0.937635563313961	0.7368405845960025	10
-1	3	136	0.24660000000000037	0.30310000000000015	0.9694058485329151	0.8256965452222981	7
-1	175	14	0.7757999999999998	0.6539999999999999	0.9535646811127663	0.8537650294035743	1
-1	5	6	0.0013000000000000789	0.02519999999999989	0.7284603416919708	0.8215224807871866	3
-1	158	141	0.3982999999999999	0.4979	0.9889745628461242	0.8831905297800622	9
-1	78	49	0.7810999999999999	0.5212999999999997	0.90566136687994	0.8198205208009129	7
-1	94	26	0.4190999999999998	0.15520000000000023	0.9298211261630058	0.8123664239343142	9
-1	44	19	0.11909999999999998	0.09160000000000013	0.7219129502773285	0.720979020979021	1
-1	45	15	0.7008999999999999	0.8471000000000002	0.8060526102781296	0.8045323494650456	1
-1	41	192	0.03589999999999982	0.052200000000000024	0.9043875262141228	0.7571565487316261	6
-1	39	73	0.07750000000000012	0.20790000000000042	1.0530006811022758	0.7844823245945265	12
-1	39	35	1.1102000000000003	0.9895999999999998	0.9679554849863052	0.8382025457525035	8
-1	16	8	0.39659999999999984	0.2612000000000001	0.8125393986701965	0.7122933023861816	7
-1	52	156	1.0341999999999998	0.8738000000000001	0.9927272796630859	0.8422794730973265	3
-1	6	7	0.629	0.4681000000000002	0.9367854818701744	0.7558916711083894	1
-1	150	38	1.1748000000000003	0.7929999999999997	0.9560062363743782	0.7904427492365097	10
-1	150	116	0.1012000000000004	0.06490000000000018	0.9545974917709827	0.7733467868587914	1
-1	14	35	0.055299999999999905	0.028999999999999915	0.7266008853912354	0.7839068825910931	0
-1	91	287	0.16670000000000007	0.3033999999999999	0.9727350398898125	0.8434525711334042	6
-1	64	119	0.6038999999999999	0.5885000000000002	0.9064654856920242	0.7797983754401949	10
-1	205	23	0.5537999999999998	0.504	0.9096615090966225	0.7957280669654017	7
-1	100	82	0.31069999999999975	0.32120000000000015	0.8290433585643768	0.770627538070544	5
-1	242	65	0.2873000000000001	0.3132999999999999	0.9458800815045834	0.7808604216369954	5
-1	97	32	0.4636	0.5582000000000003	0.814026802778244	0.7776494755660488	3
-1	117	54	0.6698999999999997	0.5044000000000004	0.8680519610643387	0.7661979054442289	6
-1	95	128	0.028200000000000003	0.14559999999999995	1.0349487327039242	0.8086076811260635	6
-1	82	50	1.5474999999999999	1.0448	0.9129929691553116	0.8272893772893773	5
-1	130	147	0.5728	0.7124999999999999	0.9576686881482601	0.7765044646043098	0
-1	59	194	1.7816999999999998	1.5746000000000002	0.9820391219109297	0.8579467518725831	35
-1	8	103	0.49460000000000015	0.33389999999999986	1.0145849669352174	0.7928387462210992	8
-1	109	101	0.9875000000000003	0.5346000000000002	0.9255006164312363	0.8140468600027424	0
-1	0	30	0.15989999999999993	0.21050000000000013	0.902861699461937	0.7343117200260056	3
-1	37	161	1.5112999999999999	1.2367000000000004	1.027108147740364	0.7657722214385011	14
-1	281	123	0.012399999999999967	0.1918000000000002	0.8888707160949707	0.7962454212454213	2
-1	30	192	1.2747000000000002	1.2240000000000002	0.9579204171895981	0.7813992985858311	6
-1	111	137	0.6383000000000001	0.6328	1.0264714285731316	0.7860114823829993	16
-1	163	136	0.9103000000000003	0.8003999999999998	0.9164013713598251	0.7747978388181838	1
-1	70	143	0.9935	0.8662999999999998	0.9663963615894318	0.8043458957623045	3
-1	5	76	0.20619999999999994	0.16480000000000006	0.9399348087608814	0.8305456175443954	14
-1	86	13	0.22470000000000034	0.24029999999999996	0.7770131230354309	0.7747326407252878	2
-1	42	44	0.12519999999999998	0.21229999999999993	0.9696755446493626	0.6655933127759753	1
-1	61	205	0.9153000000000002	0.9312	0.9169743731617928	0.8814187528362672	4
-1	109	49	0.0838000000000001	0.053999999999999826	0.8783868104219437	0.7299814867007204	8
-1	45	43	0.4573999999999998	0.47650000000000015	0.90753024071455	0.7646288585364216	1
-1	8	27	0.39170000000000016	0.29479999999999995	0.9771838299930096	0.7024673927150706	2
-1	69	104	0.6038999999999999	0.5297999999999998	0.9833527002483606	0.8537327670812314	0
-1	64	349	1.7952000000000004	1.4331	0.997134005650878	0.8665057437116261	0
-1	112	181	1.1417000000000002	0.8524000000000003	0.945893220603466	0.8020739938233026	5
-1	83	172	0.8549000000000002	0.6743000000000001	1.0598697289824486	0.836960528560277	4
-1	131	121	0.3965000000000001	0.4356	0.9736221674829721	0.8019733534439417	5
-1	123	16	0.5234999999999999	0.44499999999999984	0.8255623579025269	0.6696428571428572	1
-1	145	107	1.0066000000000002	0.7907000000000002	0.9723399244248867	0.8073244586347196	1
-1	3	140	0.6523999999999996	0.6413000000000002	0.9017407447099686	0.8624150685915392	14
-1	13	188	0.6922999999999999	0.4676	0.8722551912069321	0.8686354366307927	4
-1	133	228	0.38019999999999987	0.23320000000000007	0.9878229014575481	0.829790415466886	5
-1	36	167	0.1351	0.028900000000000148	0.9292342811822891	0.7602447648191426	3
-1	64	16	0.4516	0.4339000000000004	0.8629558384418488	0.7347402597402597	1
-1	8	129	0.9662000000000002	0.7683	0.932015135884285	0.8070090070747966	4
-1	6	94	0.03370000000000006	0.13180000000000014	0.8377750515937805	0.8361675169392994	4
-1	61	223	0.7881	0.6960000000000002	0.9476239159703255	0.7551838666463464	2
-1	66	153	0.4361999999999999	0.3611	1.0067838709801435	0.7785300178360034	14
-1	236	70	0.9802000000000004	0.7874000000000003	0.991758806630969	0.751072354932649	10
-1	55	5	1.2591999999999999	1.1147000000000002	0.8829017281532288	0.7875601250601251	1
-1	94	287	0.6187	0.6013000000000002	0.8792171776294708	0.8383026831556243	1
-1	120	80	0.7063000000000001	0.6793	0.9759058151394129	0.7689615776380483	9
-1	38	109	0.5066999999999999	0.41500000000000004	0.9445373453199863	0.7811596613454199	2
-1	72	252	0.08570000000000011	0.10050000000000026	0.8851704895496368	0.8315930199831129	2
-1	119	219	0.13969999999999994	0.000700000000000145	0.9325251430273056	0.8035199369129322	4
-1	111	12	0.54	0.4168000000000003	0.8639639467000961	0.6358974358974359	1
-1	31	28	0.29300000000000015	0.10040000000000004	0.9593485891819	0.8079975845526085	10
-1	17	80	0.6120000000000001	0.4597000000000002	0.9204308167099953	0.8090884527966979	13
-1	70	69	0.42810000000000015	0.5358999999999998	0.9603968895971775	0.8644303706388303	15
-1	78	137	0.0719000000000003	0.0033000000000003027	0.9588610045611858	0.8375811688311688	0
-1	11	180	1.6645000000000003	1.4491	0.9521453082561493	0.8848684210526316	1
-1	103	215	1.2964000000000002	0.9748000000000001	0.9115657955408096	0.8575969883874296	6
-1	19	149	0.26580000000000004	0.12400000000000011	0.8211495280265808	0.8488853874883286	2
-1	117	305	0.32889999999999997	0.14200000000000035	0.8733455240726471	0.6170113836780504	7
-1	222	35	0.19710000000000027	0.27790000000000026	1.0078783296048641	0.7797795954045954	2
-1	97	20	0.7176	0.5736000000000001	0.854162186384201	0.8244738448685818	4
-1	20	56	0.48099999999999987	0.41670000000000007	0.9365429133176804	0.713327264649504	5
-1	5	151	0.5951000000000004	0.48719999999999963	0.9840711206197739	0.8455129867145972	15
-1	111	27	0.4758	0.3626999999999998	0.8277929425239563	0.7721463437346605	15
-1	100	34	0.1734	0.13539999999999974	0.863117977976799	0.8098370738308819	6
-1	69	128	1.8540999999999999	1.7460000000000002	0.8651085495948792	0.8860906862745098	7
-1	114	181	0.10239999999999982	0.1654	0.9685065597295761	0.8568172568172568	0
-1	64	58	0.6839	0.7547000000000001	0.8954291269183159	0.7954182747813885	3
-1	80	115	1.0709999999999997	0.8005	0.9187384247779846	0.8161121503658417	9
-1	125	27	1.0686999999999998	0.9570000000000003	0.9072815254330635	0.8120528980823098	9
-1	72	360	0.5660999999999996	0.45530000000000026	0.9718502759933472	0.8282352288234641	2
-1	14	312	0.9124999999999996	0.9199000000000002	0.9516384974122047	0.8318409749292102	1
-1	66	67	0.5621	0.30810000000000004	1.0425450950860977	0.8424231342677436	13
-1	62	285	0.4017999999999997	0.46609999999999996	0.9286307543516159	0.8227892873366853	2
-1	106	191	0.8941999999999997	1.0669000000000004	0.8770893141627312	0.7895942293001117	1
-1	170	47	1.0159000000000002	0.9243000000000001	0.9055404737591743	0.7553571428571428	1
-1	31	17	1.0244	1.0914	0.9700441546738148	0.8271823584052687	9
-1	202	157	0.5206999999999997	0.4424000000000001	0.8594429790973663	0.8837891737891738	0
-1	33	37	0.0033000000000003027	0.14510000000000023	0.9408888183534145	0.7686674622820133	1
-1	200	72	0.19490000000000007	0.03200000000000003	1.0154043100774288	0.810699507742587	1
-1	28	125	1.3639000000000001	1.1708	0.8736209124326706	0.3508771929824561	0
-1	86	83	1.0831	0.7808000000000002	0.9672239571809769	0.7346886446886447	8
-1	36	2	0.9467000000000003	0.9630999999999998	0.8915414065122604	0.7712418300653595	1
-1	94	63	1.0709	1.0351	0.8979493975639343	0.8721288515406163	3
-1	50	22	0.4485999999999999	0.43869999999999987	0.9087350070476532	0.7385350468858872	3
-1	3	33	0.20540000000000003	0.19730000000000025	0.9240190535783768	0.8253400676646291	3
-1	11	272	1.5007	1.4046	0.8484717160463333	0.8008110081639493	2
-1	55	5	0.2794000000000003	0.1811999999999998	0.9695886820554733	0.8031243266537385	4
-1	352	117	1.3599	1.2758999999999998	0.9577106460928917	0.8305696337546182	18
-1	66	130	0.8190999999999997	0.5989	0.9300179556012154	0.853610692140104	1
-1	95	252	1.0345	0.8880999999999997	0.9685327932238579	0.8147716103985454	2
-1	55	28	0.5080999999999998	0.6455000000000002	1.0329416692256927	0.6960322232786	0
-1	50	2	1.2127999999999999	1.1533999999999998	0.6898487210273743	0.753921568627451	3
-1	61	98	0.26350000000000007	0.30279999999999996	0.8685043454170227	0.7776822074049998	1
-1	142	261	0.18910000000000027	0.3958999999999997	0.9235040247440338	0.8628298942332046	11
-1	122	185	1.3018	1.0472999999999997	0.9895879682153463	0.7533484162895927	1
-1	25	301	2.1762000000000006	1.8807000000000003	0.9321556910872459	0.8463756102441721	8
-1	39	155	0.5548	0.46130000000000004	0.9340028911828995	0.8621408430023576	11
-1	264	141	0.6501000000000001	0.6056999999999997	0.9472188130021095	0.853992673992674	4
-1	103	272	0.8201	0.9013	1.025250969454646	0.8526740418037287	6
-1	80	94	0.9007999999999998	1.056	0.9119767546653748	0.7797313797313797	4
-1	139	14	1.842	1.7692999999999999	0.9319097772240639	0.7945590357355063	4
-1	93	10	0.39670000000000005	0.4163000000000001	0.9417879581451416	0.7949175028402969	11
-1	64	26	0.06889999999999974	0.10559999999999992	0.8184441030025482	0.6860171418994949	1
-1	55	53	0.8795999999999999	0.8674999999999997	0.9631908237934113	0.8383052369166828	7
-1	152	182	0.41149999999999975	0.4758	0.9336116909980774	0.8508241758241758	0
-1	85	29	1.2256	0.9613	0.8619277477264404	0.7874218167375359	12
-1	77	63	0.49860000000000015	0.4236	0.9300761371850967	0.7521675653676779	8
-1	53	133	0.23499999999999988	0.11819999999999986	0.8373407125473022	0.5494736842105263	0
-1	320	15	0.33619999999999983	0.27680000000000016	0.9999446552246809	0.7935018286490798	5
-1	94	239	1.0652	0.9662999999999999	1.0021898411214352	0.740206347946286	2
-1	105	81	0.2820999999999998	0.1471	0.9366843849420547	0.7534965034965034	2
-1	112	185	0.5823	0.7228000000000003	0.9802038967609406	0.814139663441134	2
-1	70	82	0.8076999999999996	0.3761000000000001	0.8996305391192436	0.7155395656401848	1
-1	17	251	0.35630000000000006	0.4517000000000002	0.944959782063961	0.9	0
-1	14	77	0.08040000000000003	0.20469999999999988	0.9775801729410887	0.7740849428349429	5
-1	69	185	1.9293999999999998	1.7165	0.9882942605763674	0.8592341198533149	9
-1	100	16	0.9716999999999998	0.9144999999999999	0.9632000029087067	0.5519710789800977	2
-1	47	35	0.2900999999999998	0.39070000000000027	0.9780292809009552	0.8477527374586198	3
-1	8	184	1.7108	1.6335	0.8921101167798042	0.8371114996114997	5
-1	61	17	1.1895000000000002	0.9346000000000001	0.9061726853251457	0.8163862893642305	2
-1	59	142	0.7414000000000001	0.3994	0.956495501101017	0.7703426532760899	5
-1	203	74	0.12650000000000006	0.02560000000000029	0.9102588668465614	0.8583402436551133	3
-1	174	52	1.1959000000000002	1.1191	0.7844004034996033	0.6891761090401073	5
-1	278	129	0.25529999999999986	0.22850000000000015	0.8719272911548615	0.7962152553329024	2
-1	150	237	0.3111999999999999	0.3240000000000003	0.943436399102211	0.8037354385380702	1
-1	95	16	0.07630000000000026	0.3165	0.9893730860203505	0.7842134441495897	2
-1	64	142	0.3306	0.09860000000000024	1.02102105692029	0.8394467588424548	2
-1	117	85	1.8625	1.4195	1.0009832419455051	0.7581666647765719	1
-1	244	157	0.8007	0.9411	0.8786411881446838	0.8357958866462702	7
-1	11	43	1.302	1.1063	0.9165989756584167	0.7658185607018727	2
-1	192	183	1.4527	1.7067999999999999	0.8919377624988556	0.7951878263880696	3
-1	50	209	1.4325999999999999	1.1950000000000003	1.0132603012025356	0.7776922035325396	1
-1	94	276	1.749	1.5594999999999999	0.9873418929055333	0.8741961623830818	10
-1	80	229	0.5696000000000003	0.6738	0.9547771587967873	0.7690736645535408	2
-1	89	194	0.9149	0.9110999999999998	0.8572248369455338	0.8054270208267333	3
-1	210	154	0.5559999999999996	0.4565999999999999	0.8013326525688171	0.7587330521788727	5
-1	11	103	0.19219999999999993	0.3010999999999997	0.9611703753471375	0.8248062871224636	2
-1	8	25	0.20500000000000007	0.18680000000000008	0.7551734447479248	0.8358768464650818	2
-1	114	16	0.7211999999999996	0.7031999999999998	0.9506724402308464	0.7621699728842586	5
-1	60	85	0.2597999999999998	0.2794000000000003	0.9565190002322197	0.7987428983268766	2
-1	105	48	1.1998	1.0526000000000002	0.8278334140777588	0.7883095449769487	1
-1	8	55	0.25129999999999963	0.24759999999999982	0.9887758195400238	0.7210642162848044	10
-1	31	73	0.3883000000000001	0.29720000000000013	0.8232540339231491	0.8433131024462294	1
-1	269	362	0.2481	0.06459999999999999	0.9930191189050674	0.8032407407407408	1
-1	157	154	0.06369999999999987	0.0607000000000002	0.9048682302236557	0.7847005044866007	8
-1	33	145	1.5549999999999997	1.4310000000000003	0.9909122232347727	0.8588599200363907	2
-1	108	66	0.1560999999999999	0.03880000000000017	0.9428134560585022	0.7576330859775675	7
-1	83	162	1.6622999999999999	1.3777000000000001	0.8801583647727966	0.8418803418803419	2
-1	25	63	0.12009999999999987	0.03880000000000017	0.8956444412469864	0.7769879816942006	8
-1	93	64	0.653	0.5215000000000001	0.845209389925003	0.861462148962149	1
-1	116	179	0.08509999999999995	0.07210000000000005	1.013821791857481	0.8483294483294483	1
-1	58	87	0.8053999999999997	0.6599000000000002	0.8856422528624535	0.8359133126934984	1
-1	159	148	0.7519	0.7092	0.9684997200965881	0.8396407514054572	4
-1	198	56	1.3329	1.3271000000000002	0.9215089306235313	0.8094416267493191	12
-1	153	313	2.045	1.9689	0.9484460689127445	0.8592261904761904	7
-1	72	122	1.0874	0.8949	0.8594535887241364	0.8220094673558296	3
-1	22	41	0.8761999999999999	0.7582000000000002	0.9169506579637527	0.781528694473741	2
-1	19	137	0.46499999999999986	0.5440999999999998	0.9021116346120834	0.7968942005706712	1
-1	125	57	0.18800000000000017	0.14739999999999975	0.8767940104007721	0.8563593813593814	0
-1	121	154	0.11019999999999985	0.20319999999999983	1.0117138614878058	0.7916288395700161	2
-1	66	159	2.2026	2.374	0.9381937012076378	0.8482810373643096	6
-1	150	17	0.9064999999999999	0.8963999999999999	0.8003750145435333	0.7818615208321091	4
-1	139	67	0.02149999999999963	0.08259999999999978	0.990795511752367	0.7586243413449296	2
-1	64	181	1.1921000000000002	1.1510000000000002	0.8356698155403137	0.8043220668220669	0
-1	106	194	0.17789999999999995	0.20729999999999982	0.9182060956954956	0.8028659480139744	0
-1	116	73	0.6264000000000003	0.6200000000000001	0.8556071817874908	0.8141262060379707	1
-1	94	75	0.3336000000000001	0.31350000000000033	1.0419820472598076	0.7234432234432234	2
-1	264	49	0.33960000000000035	0.35309999999999997	0.9711279608309269	0.8067989200342142	2
-1	50	111	0.9321999999999999	0.9349000000000001	0.9854897651821375	0.8666666666666667	0
-1	181	43	0.17610000000000015	0.0	0.9882953874766827	0.8537635239915544	11
-1	139	109	1.0280000000000002	1.0994	0.9500672444701195	0.8421407539828593	4
-1	119	111	0.12069999999999981	0.16529999999999978	1.022519912570715	0.7900195043052186	6
-1	83	363	1.1814000000000002	0.9052	0.84576615691185	0.8065391398724732	0
-1	125	46	0.4787999999999999	0.4610000000000001	0.8691343069076538	0.792043207910081	0
-1	93	148	0.2279	0.3973	1.0000634863972664	0.7381419234360411	0
-1	20	4	1.8528	1.6490999999999998	0.9661713428795338	0.7676434676434677	3
-1	52	84	0.08030000000000026	0.11459999999999981	0.9038995504379272	0.8211242144635678	3
-1	153	85	0.17180000000000017	0.1181000000000001	0.8728339374065399	0.7287821655468714	1
-1	17	139	0.6261999999999999	0.43900000000000006	0.9257874637842178	0.8112560659505753	0
-1	186	379	0.7282000000000002	1.142	0.9273117035627365	0.8311688311688311	1
-1	114	196	0.07720000000000038	0.1257999999999999	0.9142188131809235	0.8444444444444444	1
-1	36	211	0.6959999999999997	0.6415000000000002	0.9313255622982979	0.6304521458933223	1
-1	106	28	0.5893999999999999	0.6207000000000003	0.8616514801979065	0.7696464854218865	2
-1	22	1	0.6471999999999998	0.6856	0.8904990702867508	0.8079250022232478	3
-1	125	129	0.6076999999999999	0.6337000000000002	0.9236103445291519	0.7301723800795008	2
-1	83	23	0.2843	0.24250000000000016	1.0433006435632706	0.6794391669711363	3
-1	55	146	0.8319999999999999	0.7077000000000002	0.8751154243946075	0.7206060606060606	3
-1	97	45	0.25880000000000036	0.20110000000000028	0.9315561056137085	0.7232108047897522	8
-1	109	135	0.8662000000000001	0.7896999999999998	0.9325565099716187	0.8190686274509804	3
-1	122	101	0.22949999999999982	0.18550000000000022	0.9271387010812759	0.8069869146591283	2
-1	131	55	0.03399999999999981	0.08689999999999998	0.8527069836854935	0.8143162393162393	0
-1	99	33	0.589	0.6372	1.0472895205020905	0.732721396250808	3
-1	106	70	0.7534999999999998	0.6755	1.0007706978358328	0.784307596643123	4
-1	64	89	0.8721000000000001	0.8905000000000001	0.8919514864683151	0.770235401853049	5
-1	167	57	1.4421	1.3881999999999999	0.959240909665823	0.743421855921856	7
-1	66	10	0.7262	0.7153999999999998	0.9478768110275269	0.7738095238095237	4
-1	125	150	0.6036999999999999	0.7064000000000004	0.9643967226147652	0.8018398268398268	7
-1	14	134	0.19479999999999986	0.1424000000000003	0.8690350651741028	0.7535052910052911	5
-1	86	318	0.6172	0.7060000000000002	0.9155506640672684	0.8838968860898686	0
-1	206	268	0.9856	0.7718	0.9247021228075027	0.8713840951360301	2
-1	219	52	1.5164	1.3511000000000002	0.9769302494823933	0.7529553724323739	5
-1	31	151	0.26529999999999987	0.18799999999999994	0.9076148346066475	0.8884273592477927	0
-1	81	76	1.7453	1.6087999999999998	1.0005870219320059	0.7708363193012316	7
-1	3	89	0.8767	1.0915	1.0532604306936264	0.7949217449217449	1
-1	39	275	0.6791	0.7222999999999997	0.9013723582029343	0.8645921427500375	2
-1	161	255	0.6361000000000003	0.5325000000000002	0.7767955660820007	0.85349857114563	8
-1	31	137	1.034	0.8630000000000002	0.9042209982872009	0.8931411639615974	8
-1	100	253	1.7361	1.7016	0.9779748376458883	0.8004835267440309	6
-1	266	238	0.5297999999999998	0.5921000000000001	0.9860102441161871	0.8244453851961592	1
-1	94	164	0.014199999999999768	0.02010000000000023	0.9449794366955757	0.770407513882746	1
-1	116	78	1.2055	1.0932000000000002	0.9415796250104904	0.7263194751584845	1
-1	180	41	2.0724	1.9022999999999999	0.846540629863739	0.8037846177607345	13
-1	75	195	0.23830000000000018	0.1633	0.9610317274928093	0.8509438274144157	5
-1	214	232	0.08410000000000029	0.028899999999999704	1.01737779378891	0.7730177008234284	2
-1	44	225	1.4211999999999998	1.3326999999999998	0.9357802197337151	0.795481627700879	7
-1	27	91	0.9234	0.8612	0.9125659167766571	0.7648908281261222	0
-1	127	48	0.015200000000000102	0.11020000000000008	0.9962492790073156	0.6145652173913043	3
-1	15	227	0.15490000000000004	0.14329999999999998	0.9259047135710716	0.8346058703201561	4
-1	125	22	0.16480000000000006	0.14789999999999992	0.9678988605737686	0.8076542663849166	2
-1	47	48	0.17249999999999988	0.14939999999999998	0.9847140107303858	0.7458495752613399	4
-1	55	57	0.19359999999999977	0.4442999999999999	0.9617745913565159	0.6	0
-1	64	300	0.5766999999999998	0.8886999999999998	0.9454701095819473	0.8383637321168169	3
-1	25	204	0.5747999999999998	0.3931	0.8742899596691132	0.8802218782249742	4
-1	22	136	0.039200000000000124	0.05030000000000001	0.9468589350581169	0.7567506287265244	5
-1	111	165	0.8846000000000003	0.7924	0.9479610733687878	0.9215384615384615	1
-1	39	26	0.6678000000000002	0.6021000000000001	0.8029272854328156	0.7327380952380953	1
-1	122	51	0.4306000000000001	0.5877000000000003	0.9064102098345757	0.685133829019278	3
-1	6	51	0.8908	0.6976	0.9393199421465397	0.7551713785201918	0
-1	55	40	0.2094999999999998	0.05679999999999996	0.9246999993920326	0.7343954248366014	1
-1	22	277	0.2023999999999999	0.07499999999999996	0.8196939527988434	0.8732683982683983	1
-1	100	108	0.1509999999999998	0.23519999999999985	0.9218314290046692	0.8792845326029469	1
-1	231	70	0.8210000000000002	0.7624000000000002	0.9741361849009991	0.7599264705882353	1
-1	189	120	1.1795	1.2368999999999999	0.9772314466536045	0.8229953398925922	13
-1	53	61	0.0394000000000001	0.04190000000000005	0.7130966186523438	0.8108472682002094	2
-1	116	17	0.054999999999999716	0.0360999999999998	1.0202487707138062	0.7408015765910503	2
-1	228	124	1.6777000000000002	1.4424000000000001	0.9869770025834441	0.8666666666666667	0
-1	89	23	0.2852000000000001	0.15910000000000002	0.8077118992805481	0.713097285697905	1
-1	88	184	1.7543	1.9558000000000002	1.0571902692317963	0.7827380952380952	6
-1	144	54	0.4426000000000001	0.8249	0.9259040504693985	0.7830821240558821	2
-1	113	258	0.8101000000000003	0.6520999999999997	0.7484639286994934	0.7907999952117599	1
-1	9	222	0.16569999999999996	0.24049999999999994	0.9467520341277122	0.8724339955280358	7
-1	64	200	0.6276999999999999	0.6960999999999999	1.0032920129597187	0.8344382197323373	0
-1	44	41	0.40580000000000016	0.3172999999999999	0.9800105951726437	0.7133959285468574	6
-1	227	287	0.09319999999999995	0.12250000000000005	0.8286148905754089	0.8363408521303258	2
-1	52	137	0.9777	0.8846	1.0045719761401415	0.8911764705882352	1
-1	86	86	0.36319999999999997	0.43610000000000015	0.9501125328242779	0.7531770190593721	1
-1	169	98	0.5966	0.6491000000000002	0.8734081089496613	0.7993071349015621	5
-1	130	0	0.09450000000000003	0.07919999999999994	0.9416517168283463	0.7700080896056128	2
-1	200	173	0.7050999999999998	0.5979999999999999	0.7171852588653564	0.7166666666666667	1
-1	153	71	0.8093999999999999	0.6653	0.9494863115251064	0.8122877122877123	10
-1	55	46	0.9441000000000002	0.9084999999999999	1.0145678333938122	0.7271732624673801	7
-1	39	184	0.6114999999999999	1.0500999999999998	0.9727362561970949	0.8376691119338178	4
-1	50	86	0.4494	0.4217000000000002	0.9058489203453064	0.5161484348984349	1
-1	61	75	0.6656999999999997	0.6733999999999998	1.0170594565570354	0.8399759826230415	0
-1	106	37	1.0544	0.8845999999999998	0.9545027166604996	0.6940590904785278	1
-1	42	266	0.8329000000000002	0.7453000000000001	0.7774956822395325	0.8480260677145353	0
-1	203	223	0.5740000000000001	0.4901	0.7827545702457428	0.765508660729249	1
-1	136	63	0.7195	0.7193	0.8442360758781433	0.6797562994496045	0
-1	20	204	1.1183999999999998	1.0015999999999998	0.9937510648742318	0.8372082166199813	1
-1	50	79	0.45479999999999987	0.35529999999999995	0.9852852113544941	0.7312576312576313	4
-1	39	174	0.6021000000000001	0.6021000000000001	0.9793781377375126	0.8877255641961525	1
-1	75	182	0.1614	0.16490000000000005	0.9392211437225342	0.8393270512995578	5
-1	11	21	0.17499999999999982	0.20599999999999996	0.928656131029129	0.7641751494692671	0
-1	59	12	0.08399999999999985	0.05370000000000008	0.8698597848415375	0.7869747899159664	1
-1	84	73	0.6128	0.6412	0.8998706042766571	0.6000000000000001	4
-1	17	35	0.5229000000000001	0.4626999999999999	0.7352588474750519	0.8091540381368812	1
-1	100	43	2.446	1.9479000000000002	0.7738476246595383	0.48077922077922075	3
-1	175	204	0.3010999999999997	0.2592000000000001	1.0116101000458002	0.8563077241852985	2
-1	102	66	1.4691999999999998	1.3657	0.854728639125824	0.7747835497835498	0
-1	142	96	0.02190000000000003	0.07339999999999991	0.9032463282346725	0.7546583850931677	1
-1	269	337	0.28970000000000007	0.1985999999999999	1.0339474007487297	0.8461538461538461	0
-1	8	163	1.5354999999999999	1.4335	1.0076003819704056	0.7707602339181286	2
-1	203	283	1.8798	1.8083999999999998	0.9036410450935364	0.8458108558108558	3
-1	136	195	0.4075000000000002	0.2608999999999999	0.9135724604129791	0.7153828197945845	1
-1	208	254	0.04259999999999975	0.32620000000000005	0.8747099936008453	0.8592592592592593	2
-1	89	55	0.03620000000000001	0.0918000000000001	1.0165281109511852	0.7630265567765568	3
-1	31	147	0.4667000000000001	0.4337000000000002	0.8781700134277344	0.7378613163993094	1
-1	67	70	1.1505	0.9473	1.0016132816672325	0.8198757220687045	0
-1	86	81	0.5207000000000002	0.18359999999999999	0.9776418749243021	0.7371094183594183	2
-1	150	46	0.014700000000000157	0.20410000000000017	0.6226258873939514	0.4	1
-1	50	90	0.3417999999999999	0.46179999999999977	0.9136112183332443	0.7057017543859649	1
-1	22	68	2.2106000000000003	2.053	0.9186081439256668	0.6	1
-1	42	308	0.01429999999999998	0.04739999999999989	0.740180492401123	0.7855661495367378	1
-1	36	30	0.4024000000000001	0.6720999999999999	0.9742343313992023	0.7913398692810457	2
-1	256	68	1.2646000000000002	1.1885	0.963555246591568	0.8058278867102396	2
-1	28	18	0.2553000000000001	0.34940000000000015	0.7996784150600433	0.620768250592812	0
-1	14	154	0.6592	0.7249000000000001	0.9136385917663574	0.8580357142857142	3
-1	50	238	1.3175999999999997	1.2710999999999997	0.8958624303340912	0.8516483516483516	1
-1	50	33	0.012699999999999934	0.11320000000000019	0.8140126615762711	0.6335886493892282	1
-1	16	55	1.2507000000000001	1.1678000000000002	0.9261471182107925	0.6261462243466888	0
-1	40	333	0.6990000000000001	0.6892999999999999	1.0334255620837212	0.8821486928104575	3
-1	142	108	0.20819999999999994	0.1140000000000001	0.9555527418851852	0.7827505827505827	3
-1	72	215	1.8513000000000002	1.7609999999999997	0.8594301491975784	0.6996336996336996	2
-1	226	354	0.49140000000000006	0.3882	0.994467094540596	0.7751633986928105	4
-1	6	44	1.1973	1.0263	0.9767583832144737	0.4626262626262626	2
-1	117	225	0.3680000000000001	0.17610000000000015	0.966096106916666	0.8571428571428572	0
-1	89	157	0.2003999999999999	0.1645000000000001	0.9127553626894951	0.7037037037037037	2
-1	120	35	0.1975	0.12970000000000015	0.8649882674217224	0.6916274201988488	5
-1	74	38	0.2583	0.055500000000000105	0.7584094107151031	0.6461538461538461	1
-1	106	194	0.26529999999999987	0.6532	1.057386927306652	0.8947368421052632	0
-1	104	242	0.1983999999999999	0.49740000000000006	0.95140540599823	0.8708333333333333	3
-1	11	143	1.4148999999999998	1.2787000000000002	0.9468014389276505	0.7317310842465641	5
-1	9	129	0.6435	0.6368999999999999	0.8927882015705109	0.8631412160823926	2
-1	117	63	0.7854999999999999	0.27170000000000005	0.9932334572076797	0.8476800976800977	1
-1	69	111	0.22950000000000004	0.33240000000000003	0.8633621037006378	0.700822317230986	1
-1	89	24	1.2156	1.1979	0.976788442581892	0.7685589989041833	5
-1	209	366	0.13469999999999982	0.09689999999999999	0.9618990644812584	0.8719058719058719	1
-1	31	92	0.30100000000000005	0.2552000000000001	0.8425658643245697	0.8083333333333333	1
-1	145	72	0.43930000000000013	0.3521000000000001	1.0817879512906075	0.7700289089994973	1
-1	27	195	0.6477999999999999	0.6923000000000001	0.9362545013427734	0.5808823529411764	1
-1	250	239	0.029000000000000137	0.17610000000000015	0.9704371932893991	0.8947368421052632	0
-1	58	37	0.1383000000000001	0.1383000000000001	0.7031260132789612	0.6753246753246753	1
-1	25	283	0.9621999999999999	0.8653	0.9393709786236286	0.8257575757575757	1
-1	109	107	0.28400000000000003	0.3618000000000001	1.0316205136477947	0.806060606060606	2
-1	3	3	0.7482000000000001	0.7403000000000001	0.8973596096038818	0.861904761904762	1
-1	6	7	0.6727000000000001	0.6447	0.7261430323123932	0.7142857142857143	1
-1	20	272	0.6420000000000001	0.7242999999999999	0.9857385139912367	0.8807017543859649	1
-1	16	215	0.9119999999999999	0.8653	0.8756398558616638	0.8592310810964061	1
-1	30	175	0.03620000000000001	0.0918000000000001	0.9703998193144798	0.8153886554621849	3
-1	20	233	0.5051000000000001	0.6435	0.7682037949562073	0.8745098039215686	1
-1	138	215	0.13469999999999982	0.0414000000000001	0.8393314182758331	0.8605769230769231	1
-1	17	202	0.8751	0.7404000000000002	0.8786432147026062	0.8461538461538461	0
-1	108	22	0.1046999999999998	0.07249999999999979	0.8622140735387802	0.5793650793650793	1
-1	325	18	1.0	0.9541999999999999	0.8486351072788239	0.7321428571428572	1
-1	133	46	0.12499999999999989	0.17609999999999992	0.7812217473983765	0.5922827172827174	1
-1	25	10	0.09499999999999997	0.047700000000000076	0.8552716970443726	0.8056018124748776	4
-1	37	91	0.05290000000000017	0.05369999999999986	0.8471060991287231	0.6590755735492577	1
-1	128	13	1.7243000000000002	1.6767	0.8175993114709854	0.6589285714285714	3
-1	212	54	1.1761000000000001	1.1761000000000001	0.6805688738822937	0.49650349650349646	1
-1	78	49	0.2632000000000001	0.3521000000000001	0.8659316897392273	0.5888888888888889	1
-1	64	21	0.22189999999999993	0.12499999999999994	0.8613238483667374	0.7154700854700854	4
-1	3	25	0.21079999999999988	0.19630000000000014	0.9371418580412865	0.375	0
1	64	96	0.6168	0.258	0.7229844927787781	0.7284256216771662	4
1	47	14	0.3395999999999999	0.14470000000000027	0.5737871527671814	0.7820305682677063	9
1	53	139	0.6654000000000004	0.2538999999999998	0.7479448318481445	0.8517761819463118	5
1	75	27	0.10780000000000012	0.015699999999999825	0.25053590536117554	0.5046430686018787	1
1	92	138	0.34780000000000033	0.2607000000000004	0.5071568489074707	0.7790715296376027	1
1	38	28	0.44030000000000014	0.3599000000000001	0.6921938061714172	0.7633910706687314	0
1	50	9	0.18069999999999986	0.1509999999999998	0.34988194704055786	0.7619530968418246	38
1	66	26	1.1233999999999997	0.8047999999999997	0.7145391702651978	0.7892458634879449	3
1	42	85	0.6976000000000004	0.49960000000000004	0.6833693385124207	0.8265631458637369	19
1	61	56	0.25980000000000025	0.1614	0.7114114761352539	0.7813861493753265	4
1	103	134	0.8495999999999997	0.6888000000000001	0.6729230880737305	0.7939637011308838	4
1	114	215	0.0889000000000002	0.24910000000000032	0.5982710719108582	0.8241446276803686	7
1	114	41	0.7127999999999997	0.4520999999999997	0.6823078989982605	0.7525150582704763	10
1	19	4	0.7763999999999998	0.5404	0.36175936460494995	0.8065500761708192	8
1	3	21	0.16720000000000024	0.061699999999999644	0.38115155696868896	0.5952439314426543	6
1	92	6	1.0774000000000004	0.8085	0.7451865673065186	0.8077895399859234	18
1	36	78	0.45310000000000006	0.3810000000000002	0.4887552857398987	0.8161684364254024	10
1	22	9	0.9489000000000001	0.7520000000000002	0.5400659441947937	0.6938911810583638	1
1	144	133	0.7967	0.5829999999999997	0.7049457132816315	0.7645135109108804	9
1	67	45	0.5613999999999999	0.48039999999999994	0.588400810956955	0.7718290781008852	12
1	84	6	0.09450000000000003	0.2078000000000002	0.8390764743089676	0.7846595657458364	5
1	141	147	0.14539999999999997	0.4173	0.776435449719429	0.7917457361238971	3
1	27	28	0.025700000000000056	0.016900000000000137	0.3712574243545532	0.7096306471306472	4
1	4	18	1.0196	0.8262	0.5524594187736511	0.7306460721940599	4
1	22	11	0.13629999999999987	0.0867	0.45425283908843994	0.7775479422538246	0
1	69	8	0.6892000000000005	0.24029999999999996	0.6485813558101654	0.8094290047170815	26
1	16	100	1.0764	0.5149000000000004	0.664339542388916	0.7408344152216702	12
1	25	37	0.46620000000000017	0.3900999999999999	0.5693663656711578	0.7034162642005779	9
1	28	142	0.4584999999999999	0.3647	0.629722386598587	0.7991982627372572	6
1	33	51	0.13129999999999997	0.07360000000000033	0.6484268307685852	0.7635378397418301	30
1	95	15	0.5113999999999996	0.42600000000000016	0.5261684060096741	0.7525523898342643	5
1	131	26	1.3868000000000005	0.9625000000000004	0.5553737878799438	0.56324700342657	0
1	16	53	0.038599999999999746	0.18389999999999995	0.5874204039573669	0.7487268120521586	0
1	173	198	1.3700999999999999	1.1943000000000001	0.7716086506843567	0.8092295167644741	6
1	39	22	0.0642999999999998	0.06810000000000027	0.5488384366035461	0.7803517079464941	4
1	144	103	1.5166	0.5819000000000001	0.7459088563919067	0.7815709895561932	3
1	170	12	0.12090000000000023	0.11610000000000031	0.41288042068481445	0.8158672880398288	4
1	170	21	0.5504000000000002	0.4619	0.6098914444446564	0.6964160151853651	21
1	41	16	0.3516999999999997	0.29090000000000016	0.2356526255607605	0.4	1
1	5	2	0.7286000000000001	0.5445000000000002	0.4969891905784607	0.8181425119232958	3
1	50	35	0.2782	0.24570000000000025	0.9143326058983803	0.8437049348427057	5
1	162	34	1.5390000000000001	1.1389	0.6517142653465271	0.7414508775538187	1
1	8	9	0.32820000000000027	0.2945000000000002	0.4818223714828491	0.8304621848739496	0
1	42	18	0.6813000000000002	0.6036999999999999	0.4151356816291809	0.63295837621159	6
1	94	88	0.49970000000000026	0.34940000000000015	0.6559234261512756	0.7901290775397165	6
1	63	83	0.9102000000000001	0.5760999999999998	0.5984585881233215	0.8278537897232825	8
1	115	42	0.8513999999999999	1.1167000000000002	0.544730931520462	0.7639000986543556	6
1	36	3	0.34509999999999996	0.35939999999999994	0.5741443037986755	0.8161142584689196	3
1	25	15	0.16849999999999987	0.05979999999999963	0.588390588760376	0.7117897313814496	10
1	80	14	0.15029999999999966	0.1109	0.5808416306972504	0.7318175751948803	12
1	17	43	0.010499999999999954	0.11129999999999995	0.5365561544895172	0.7533594687619455	1
1	144	29	0.9473000000000003	0.6985999999999999	0.6813148856163025	0.7045514792225318	8
1	117	92	0.3180999999999998	0.0501999999999998	0.5661939382553101	0.8345516930037054	1
1	69	41	0.009400000000000297	0.047800000000000065	0.9172595888376236	0.794390386302151	2
1	53	4	0.6391	0.6492	0.4934021234512329	0.809140631316936	10
1	78	181	0.722	0.5246	0.6758080720901489	0.8242290728707138	6
1	150	20	0.6141000000000001	0.5186999999999999	0.7246739864349365	0.7730750993697799	8
1	64	9	0.5989	0.4245000000000001	0.6287534832954407	0.7652597298069435	7
1	16	22	0.3357000000000001	0.3089000000000004	0.6427432894706726	0.8365079365079365	2
1	6	9	0.056599999999999984	0.025000000000000355	0.5060052573680878	0.6970163006927712	4
1	58	47	0.1532	0.15379999999999994	0.9538958370685577	0.8032097727581642	19
1	110	101	0.15070000000000006	0.12329999999999997	0.4668008089065552	0.7606479777532409	4
1	111	7	0.6762000000000001	0.6498000000000004	0.567723423242569	0.7469065516035884	9
1	83	79	0.5635000000000003	0.5596999999999999	0.731227457523346	0.8215114189238673	4
1	27	2	0.03500000000000014	0.027699999999999836	0.5810092091560364	0.7394672049083815	2
1	353	90	0.45199999999999996	0.5775000000000001	0.5210051536560059	0.7541993788068534	5
1	127	3	1.6818	1.4603	0.5674535632133484	0.5775877355968889	8
1	30	94	0.14070000000000027	0.1600999999999999	0.5657084882259369	0.7331670168067227	2
1	214	32	1.4212000000000002	1.1496	0.630542516708374	0.7134172690055043	1
1	28	109	0.7356000000000003	0.9653	0.5446376204490662	0.8003206352471058	6
1	6	146	0.05620000000000003	0.006699999999999928	0.6702078580856323	0.8523809523809524	1
1	6	7	0.1745000000000001	0.2542	0.5780238509178162	0.8186408953104	0
1	181	129	0.3294999999999999	0.3237000000000001	0.6092336773872375	0.7848220664784132	19
1	3	36	0.4626999999999999	0.45279999999999987	0.6892727017402649	0.7675472916880376	8
1	144	34	0.39979999999999993	0.383	0.4730684757232666	0.7608614419706649	9
1	61	2	0.0682999999999998	0.06930000000000014	0.34504401683807373	0.5991541353383459	3
1	8	38	0.05889999999999995	0.1398999999999999	0.31537872552871704	0.6052792078623279	1
1	10	41	0.04479999999999995	0.07509999999999994	0.5471527576446533	0.4796846671846672	0
1	55	14	0.33509999999999973	0.31010000000000026	0.712665319442749	0.8003385572193972	4
1	98	11	1.0855000000000001	0.8916	0.3596501350402832	0.7581174181664377	9
1	19	5	1.0366	0.9011	0.5564145147800446	0.7382119598182948	10
1	34	190	0.5804	0.3588	0.7456289529800415	0.8617536104159472	5
1	125	142	1.6795999999999998	1.5688000000000002	0.43253326416015625	0.7485565421022937	15
1	206	91	0.7128000000000001	0.5645000000000002	0.49813246726989746	0.781037379055095	3
1	61	25	0.8532000000000002	0.7550999999999997	0.4959958791732788	0.7477851862333287	8
1	217	82	0.6816999999999998	0.6974	0.5406900644302368	0.8183691646208231	3
1	53	64	0.7563999999999997	0.5806	0.6727951765060425	0.750119119846674	12
1	117	7	0.387	0.3612000000000002	0.680618405342102	0.7637976092439457	7
1	3	1	0.363	0.3121999999999998	0.6848627030849457	0.7535909317084069	3
1	128	10	0.2784	0.23139999999999983	0.39771223068237305	0.4238930659983292	2
1	98	18	0.5602999999999998	0.4443999999999999	0.417178750038147	0.7405398408631347	3
1	282	20	1.2886000000000002	0.9630999999999998	0.8776061832904816	0.7490543804320895	0
1	10	7	0.7592000000000003	0.4002999999999999	0.8244462162256241	0.7856199550236929	5
1	33	18	0.4577	0.3963000000000001	0.5894123613834381	0.7700479226431576	7
1	144	56	0.3341999999999996	0.3996999999999997	0.6235265135765076	0.7136048916492672	5
1	241	143	0.7192000000000003	0.5658000000000003	0.553351104259491	0.7348351648351649	3
1	192	35	1.4664000000000001	1.3024	0.576630175113678	0.7768758795111441	15
1	13	33	0.36980000000000013	0.2879999999999998	0.7611539661884308	0.796519722987547	8
1	56	41	0.15079999999999982	0.16849999999999987	0.4640478491783142	0.5833333333333334	1
1	31	50	0.23390000000000022	0.24570000000000025	0.7694336175918579	0.8633264386876358	7
1	39	24	0.10000000000000009	0.016000000000000014	0.5366106033325195	0.7409786120312436	8
1	59	24	0.0665	0.023400000000000087	0.7549550235271454	0.7419500597441774	26
1	175	38	0.27170000000000005	0.050200000000000244	0.5288660824298859	0.22499999999999998	1
1	67	51	0.2867000000000002	0.24219999999999997	0.5459869205951691	0.7285357004107004	6
1	39	25	0.2149000000000001	0.36529999999999996	0.4704905152320862	0.5454545454545454	1
1	19	43	0.3008000000000002	0.21649999999999991	0.648623138666153	0.8165664354319816	2
1	36	71	0.5230000000000001	0.5106000000000002	0.40353119373321533	0.4798656499636892	0
1	155	13	0.4253	0.4421999999999997	0.64417365193367	0.6896340729274166	1
1	122	31	1.4247	1.2118000000000002	0.391421914100647	0.5020005589955281	7
1	30	32	0.3107000000000002	0.3837999999999999	0.7268208265304565	0.7744219272790701	2
1	125	5	1.5194999999999999	1.4874000000000003	0.8015241771936417	0.8023947074465055	9
1	81	70	1.0976999999999997	1.0964	0.6198143064975739	0.7523190613231893	4
1	21	72	0.26649999999999974	0.2721	0.5691297054290771	0.799766749096277	6
1	139	144	0.8054000000000001	0.6856	0.6153464317321777	0.6673770673770674	1
1	8	23	0.3911000000000002	0.34209999999999985	0.7180280685424805	0.7627923601453014	2
1	17	23	0.34189999999999987	0.2783000000000002	0.5140162706375122	0.7843359425157783	4
1	55	0	0.33389999999999986	0.38780000000000037	0.4628831148147583	0.7669329573934838	7
1	47	58	0.5888000000000004	0.2734000000000001	0.46063971519470215	0.8079617029952427	0
1	3	21	0.29390000000000027	0.2397999999999998	0.5582149624824524	0.7187433172262894	1
1	125	165	0.08010000000000028	0.14400000000000013	0.6281814575195312	0.5640947288006111	5
1	117	21	1.1028000000000002	1.1725999999999999	0.48123645782470703	0.7849508008331538	3
1	5	146	0.19680000000000009	0.0812999999999997	0.7319034337997437	0.8043312243312244	0
1	59	0	0.6502000000000003	0.41849999999999987	0.4639064073562622	0.6259699622702718	2
1	89	30	0.4798	0.3734000000000002	0.8139023035764694	0.6732161489304346	2
1	17	13	0.5339999999999998	0.5215000000000001	0.34629499912261963	0.7324938949938951	1
1	112	11	0.3067000000000002	0.31210000000000004	0.5535804629325867	0.58125	3
1	41	53	0.5634000000000001	0.5303999999999998	0.6056599617004395	0.7829792082917083	2
1	5	11	0.04700000000000015	0.09450000000000003	0.6580938696861267	0.7481575613112309	7
1	19	72	0.00949999999999962	0.08259999999999978	0.8949436098337173	0.7630689408630585	4
1	30	4	0.6426000000000003	0.748	0.42393553256988525	0.6376225490196079	0
1	50	0	0.4309999999999998	0.3406	0.6717220544815063	0.7558963273572687	0
1	36	96	0.8299000000000003	0.6089000000000002	0.7345424890518188	0.7370330436632555	4
1	85	145	0.6654	0.4400999999999997	0.7018275558948517	0.7446730082909994	15
1	94	21	0.9933999999999998	0.8969999999999998	0.34771883487701416	0.655609297872725	2
1	62	14	1.1112000000000002	0.8408000000000002	0.8218052685260773	0.7782710680709058	5
1	14	167	0.6591	0.6915	0.8812616616487503	0.8272451100527726	2
1	23	11	0.4304000000000001	0.3725999999999998	0.5643680989742279	0.7327037057155091	0
1	39	9	0.4253	0.2507999999999999	0.5802930593490601	0.7769480519480519	4
1	100	77	0.16890000000000027	0.25749999999999984	0.5492376685142517	0.44074074074074077	2
1	142	46	0.1177999999999999	0.16659999999999986	0.49597638845443726	0.7806385451148734	1
1	92	64	0.05109999999999992	0.11299999999999999	0.6538710594177246	0.772212227082697	9
1	128	79	0.6417000000000002	0.5044	0.5247700214385986	0.7319815105529393	1
1	64	35	0.2717999999999998	0.13090000000000002	0.3837410807609558	0.9128709454796411	5
1	66	40	0.8409	0.7612999999999999	0.46973222494125366	0.6863601213601214	13
1	242	145	0.9781	0.9089	0.6469604969024658	0.8203182234432235	6
1	86	25	1.1088	0.972	0.8118174076080322	0.7124379705262058	1
1	250	56	0.7448999999999999	0.6275	0.490054726600647	0.8277989090372991	4
1	22	58	0.6591	0.5680000000000001	0.7729814499616623	0.8690205534632779	11
1	97	139	0.3815999999999997	0.6153000000000004	0.8208548128604889	0.7357945275398836	11
1	197	4	2.7106000000000003	2.0168999999999997	0.7510306239128113	0.8943474657736334	7
1	158	13	0.3032999999999997	0.2325999999999997	0.7584830671548843	0.7918203244028837	1
1	233	122	1.8283999999999998	1.5131000000000001	0.5322348475456238	0.7562085967581323	13
1	139	28	1.3188000000000004	0.9647999999999999	0.6443963646888733	0.6620655161831632	2
1	238	3	2.5141999999999998	2.0652	0.6439455151557922	0.8068367846463822	8
1	111	1	0.12360000000000015	0.1881999999999997	0.8453786671161652	0.7642006802721089	5
1	145	131	1.2127000000000001	1.1461000000000001	0.6292227804660797	0.8231637847446671	2
1	120	81	0.5432999999999999	0.46689999999999987	0.6949483752250671	0.8497429653679653	2
1	152	201	0.9591999999999996	0.718	0.9006407037377357	0.7895361852827916	3
1	13	57	1.3374000000000001	1.0438	0.5629613995552063	0.8026944651144271	18
1	67	2	0.6900999999999997	0.6345000000000001	0.48705780506134033	0.678968646687945	4
1	33	40	0.4780000000000002	0.4439000000000002	0.5865658223628998	0.7759299034299034	3
1	111	7	0.6944000000000001	0.46550000000000025	0.6962034702301025	0.7617969015134403	3
1	83	85	0.2269000000000001	0.19819999999999993	0.5879567265510559	0.7666374647024802	2
1	97	138	0.3806999999999996	0.22270000000000012	0.5998459458351135	0.8417893023156181	8
1	103	17	0.04700000000000015	0.006199999999999983	0.5287685394287109	0.8	1
1	38	42	0.6613000000000002	0.5112000000000001	0.25785982608795166	0.5399282520025555	2
1	53	100	1.1429000000000002	1.0189000000000001	0.40676069259643555	0.7216963591963592	4
1	166	62	1.0370999999999997	0.7840000000000003	0.499539852142334	0.76146641456239	17
1	92	37	0.5643000000000002	0.6295999999999999	0.5582882165908813	0.7940037337987937	10
1	36	81	0.21870000000000012	0.24129999999999985	0.524133026599884	0.7366794389820706	3
1	36	81	0.21870000000000012	0.24129999999999985	0.524133026599884	0.7366794389820706	3
1	47	114	0.4379000000000004	0.33109999999999973	0.633691668510437	0.8708333333333333	1
1	31	88	0.18090000000000028	0.08009999999999984	0.5456056892871857	0.6658259729688301	1
1	45	51	0.8252000000000002	0.5455999999999999	0.5293478965759277	0.7828681884564237	7
1	199	1	0.7893000000000001	0.7746999999999999	0.19818854331970215	0.7535715101891572	5
1	98	66	0.02430000000000021	0.026200000000000223	0.5113445818424225	0.694546099325511	1
1	139	96	0.6454999999999997	0.4849000000000001	0.7757666707038879	0.7472515910015911	1
1	25	9	0.19920000000000027	0.20120000000000005	0.5643300712108612	0.772072963800905	0
1	167	51	1.0187999999999997	1.0303	0.6059370636940002	0.7864730507587651	5
1	17	22	0.5509	0.4867999999999999	0.5485363006591797	0.7743961480126341	13
1	190	56	1.0926	1.0204	0.5053603053092957	0.726183917093008	9
1	42	30	0.24149999999999983	0.14670000000000005	0.5585723519325256	0.7747835497835498	0
1	72	301	0.04870000000000019	0.022399999999999753	0.5596708655357361	0.8633597883597883	0
1	44	114	0.0045000000000001705	0.018299999999999983	0.7047815918922424	0.6965923653230155	5
1	19	121	0.20320000000000027	0.04789999999999983	0.68902188539505	0.8555906220296976	3
1	116	18	0.0034000000000000696	0.04349999999999987	0.28621119260787964	0.6756109787185638	1
1	66	121	1.0429999999999997	0.8331	0.708677351474762	0.8802561960456697	2
1	100	72	0.7810999999999999	0.756	0.590100884437561	0.7895809427930172	3
1	3	26	1.0226000000000002	0.7858	0.5342977643013	0.1499999999999999	1
1	14	166	0.3285999999999998	0.44589999999999996	0.6889100074768066	0.7539280511002094	3
1	67	46	0.41690000000000005	0.4060999999999999	0.7790893316268921	0.7434924180280218	1
1	105	65	0.27810000000000024	0.2791000000000001	0.5632638335227966	0.6853970492625954	2
1	81	9	0.24209999999999976	0.07270000000000021	0.5584728419780731	0.783264652014652	4
1	19	94	0.6861000000000002	0.6092	0.48498594760894775	0.7089366515837103	4
1	117	94	1.6023999999999998	1.5814	0.6876750588417053	0.6172830974495062	3
1	63	77	0.6316999999999999	0.6633	0.6867998838424683	0.7613541113013391	7
1	52	48	0.34620000000000006	0.24730000000000008	0.8031427413225174	0.7940614015614016	1
1	11	60	0.2744	0.1482000000000001	0.5863763391971588	0.7208384208384209	0
1	250	250	0.7797000000000001	0.6165000000000003	0.8692314624786377	0.8658702626349686	2
1	30	38	0.12749999999999995	0.06559999999999988	0.6929416656494141	0.7076107919857919	7
1	86	10	1.4159000000000002	1.2034	0.5434458255767822	0.5140208475734791	2
1	84	49	0.0855999999999999	0.11759999999999993	0.5444635152816772	0.8409825605701324	1
1	45	4	0.8643000000000001	0.8544	0.8742914646863937	0.6542678322709282	1
1	175	163	0.8210000000000002	0.6457999999999999	0.7858192026615143	0.8635585003232062	4
1	0	26	1.2671999999999999	1.0126	0.5481768846511841	0.5915032679738562	1
1	173	112	0.4771000000000001	0.4778000000000002	0.8209835886955261	0.6856398809523809	6
1	144	38	0.4790000000000001	0.3982000000000001	0.7100256681442261	0.7577414163279101	4
1	134	13	0.5465	0.4934999999999998	0.7245481014251709	0.7433937491080349	2
1	150	16	0.3833000000000002	0.27849999999999997	0.5814595818519592	0.8195658263305322	4
1	22	41	0.8742999999999999	0.7537000000000003	0.5227115750312805	0.7958540462900628	11
1	150	63	1.5714000000000001	1.5434999999999999	0.5603547096252441	0.7998829318256563	6
1	128	44	0.7953999999999999	0.6532999999999998	0.4149577021598816	0.7230376619265508	6
1	44	65	0.017599999999999838	0.28210000000000024	0.6289727985858917	0.6793432670270905	0
1	14	196	1.1240999999999999	1.0360000000000003	0.5994593799114227	0.7780408317173023	3
1	7	61	1.2442000000000002	0.6293999999999997	0.5496633350849152	0.7022307370991583	1
1	72	51	0.2151000000000003	0.06130000000000013	0.48571741580963135	0.7264180264180264	4
1	214	66	1.2923	1.1610999999999998	0.6504365801811218	0.6848974980605529	4
1	14	9	0.7553000000000001	0.5286999999999997	0.8594751060009003	0.7555954899924927	4
1	14	9	0.7553000000000001	0.5286999999999997	0.8594751060009003	0.7555954899924928	4
1	9	80	0.24480000000000013	0.1189	0.8369453847408295	0.7951392711596794	0
1	111	20	0.0827	0.22729999999999984	0.706773430109024	0.7246763763985127	4
1	28	40	0.2932000000000001	0.32899999999999974	0.6865102648735046	0.7363975258950254	9
1	16	49	0.3626999999999998	0.2450000000000001	0.4415562152862549	0.6877097926440032	1
1	83	9	0.03299999999999992	0.011600000000000055	0.6304488778114319	0.8506918081918082	1
1	8	67	0.13710000000000022	0.07600000000000007	0.6090476512908936	0.6509823509823509	3
1	253	6	0.5269000000000001	0.5209000000000001	0.6157131195068359	0.8135089325878799	5
1	92	121	0.24140000000000006	0.22109999999999985	0.4646799564361572	0.6878442146089205	3
1	81	176	0.10389999999999988	0.03840000000000021	0.7845172584056854	0.7696890730059883	7
1	101	41	0.07989999999999986	0.061100000000000154	0.6787748634815216	0.7767254011707055	9
1	69	99	0.09129999999999994	0.01540000000000008	0.7844791412353516	0.6276610644257703	1
1	39	25	0.14500000000000002	0.21750000000000003	0.6212736666202545	0.7976486150015561	2
1	93	97	0.1716000000000002	0.25070000000000014	0.6038273572921753	0.7116375781081663	0
1	75	30	0.05370000000000008	0.04280000000000017	0.6437346339225769	0.7118117993117993	2
1	77	115	0.5364999999999998	0.5202	0.6687527894973755	0.7199696480953492	9
1	195	48	1.2622	1.2184	0.5419908761978149	0.6405004309416074	5
1	103	138	0.6020999999999996	0.3741000000000003	0.7553031146526337	0.7502164502164502	3
1	244	73	0.7205999999999999	0.6504999999999999	0.547814667224884	0.7662337662337662	3
1	155	25	0.09909999999999997	0.05999999999999961	0.5961460173130035	0.6248196248196248	7
1	128	0	0.6081000000000001	0.5581	0.36769092082977295	0.125	0
1	25	85	0.3020999999999998	0.3254999999999999	0.614599883556366	0.5870968247438836	3
1	14	16	0.24729999999999963	0.25959999999999983	0.29769110679626465	0.7277708402708403	3
1	150	28	0.8512999999999997	0.6877999999999997	0.5490729212760925	0.7611772589126103	0
1	97	39	1.1833	0.9861999999999997	0.5885306000709534	0.7426381352851942	9
1	33	104	0.13029999999999964	0.06820000000000004	0.6185725927352905	0.876858813700919	0
1	25	19	0.07819999999999983	0.08919999999999995	0.7225854992866516	0.7949924860556619	1
1	11	112	0.9039000000000001	0.8664000000000001	0.45015472173690796	0.6831012533218415	1
1	130	26	0.8580000000000001	0.7303999999999997	0.5552613735198975	0.7696696658461364	2
1	50	146	0.11050000000000004	0.009399999999999853	0.4943089485168457	0.8520814969344381	2
1	22	16	0.46950000000000003	0.06919999999999993	0.6058945059776306	0.7830065359477124	2
1	125	46	0.8561999999999999	0.8261000000000001	0.5088540017604828	0.8027519779841761	3
1	128	15	0.2084999999999999	0.1907000000000001	0.6969305872917175	0.7473888958263958	0
1	11	48	0.09920000000000018	0.046499999999999986	0.8668825775384903	0.76486213627274	5
1	186	71	0.21999999999999975	0.20029999999999992	0.4630029797554016	0.8043884855159364	3
1	14	48	1.0293999999999999	0.9403000000000001	0.6722155511379242	0.7233618233618234	0
1	20	21	1.1669999999999998	0.9860000000000002	0.5371965169906616	0.6192890442890442	0
1	39	93	0.22650000000000015	0.17650000000000032	0.7648231983184814	0.8038220358073299	4
1	61	113	0.6658	0.5633000000000004	0.6669408977031708	0.5941029428088251	0
1	55	17	0.21009999999999973	0.1454000000000002	0.6092031598091125	0.7407317312890068	0
1	4	74	0.38560000000000016	0.6246	0.6769542098045349	0.8945906432748538	0
1	39	57	0.9626999999999999	0.8793	0.8138090223073959	0.65822864993988	8
1	142	16	0.9514	0.7646000000000002	0.4329405426979065	0.7737817329729094	1
1	73	43	0.15689999999999982	0.23870000000000013	0.6629650294780731	0.7292735042735043	2
1	64	34	0.1796000000000002	0.15229999999999988	0.5718578100204468	0.8303850867269985	6
1	47	44	0.6628000000000003	0.5141	0.17116719484329224	0.6904737419443301	5
1	44	15	0.496	0.49140000000000006	0.6511037945747375	0.4972960372960372	3
1	166	107	0.9133999999999998	0.8053000000000001	0.5405189990997314	0.822265773155866	4
1	58	86	0.27300000000000013	0.11120000000000019	0.6556385159492493	0.7665241138524019	0
1	47	1	0.7577999999999998	0.7091999999999998	0.4843539595603943	0.8407181054239878	0
1	61	3	1.3752	1.2137000000000002	0.7411229610443115	0.7969634296827279	13
1	47	192	0.4064000000000001	0.3844000000000003	0.8705488443374634	0.6310541310541311	3
1	303	44	1.2505000000000002	1.1009999999999998	0.2777230143547058	0.6679551820728291	4
1	241	111	1.8439999999999999	1.6651000000000002	0.8068289160728455	0.7492630898513252	2
1	312	83	0.2729999999999997	0.37149999999999994	0.7494069933891296	0.7411028783983229	5
1	384	50	2.2415000000000003	2.1721000000000004	0.6059224605560303	0.5572751322751321	11
1	69	117	0.5598000000000001	0.3950999999999998	0.7404434084892273	0.719234360410831	0
1	20	6	0.14619999999999989	0.10840000000000005	0.5578408539295197	0.7931962033064974	5
1	38	157	0.09660000000000002	0.07989999999999986	0.5266176462173462	0.806027306027306	4
1	44	24	0.14070000000000027	0.0625	0.6292964816093445	0.7897983169876137	4
1	86	142	0.26419999999999977	0.3157000000000001	0.6460152268409729	0.7945282276203329	1
1	23	49	0.1907000000000001	0.2371000000000001	0.6114345490932465	0.8026671694318753	1
1	14	28	0.17930000000000001	0.16100000000000003	0.6328628063201904	0.8644362173773938	4
1	54	8	0.5741	0.4417	0.587928831577301	0.7156318082788671	5
1	69	79	0.01529999999999987	0.11319999999999997	0.8050960153341293	0.8091969050328183	1
1	39	124	0.5232000000000001	0.5245000000000002	0.5258864164352417	0.7687149887149887	1
1	39	2	0.020399999999999974	0.08689999999999998	0.7802717238664627	0.7302571134488112	0
1	94	67	0.23439999999999994	0.1383000000000001	0.9153827428817749	0.8096088129563361	5
1	0	9	0.5856000000000003	0.5832999999999999	0.6510378122329712	0.6982710712490124	2
1	78	22	0.9805000000000001	0.9744999999999999	0.8100568652153015	0.7327512643302116	8
1	8	44	0.3641000000000001	0.39370000000000016	0.738805890083313	0.675135397010397	5
1	2	21	0.9209	0.8382000000000001	0.8035117983818054	0.6960984393757503	4
1	108	95	0.9334000000000002	0.7250999999999999	0.45376312732696533	0.6246480081678292	2
1	58	39	0.4077999999999997	0.31940000000000013	0.46319258213043213	0.36725146198830416	1
1	158	4	0.5007000000000001	0.3561000000000001	0.5275319516658783	0.693045343137255	4
1	86	59	0.5522	0.4839000000000002	0.7939750552177429	0.7613426878132761	1
1	53	31	0.31289999999999996	0.35319999999999974	0.7831311523914337	0.6741666666666667	3
1	28	32	0.45410000000000017	0.3644999999999998	0.6917845606803894	0.6362304362304363	1
1	16	43	0.33830000000000027	0.2563	0.8558380603790283	0.5671130952380953	2
1	275	16	1.5755000000000001	1.4734999999999998	0.7910580784082413	0.7826088726088726	2
1	6	25	0.24109999999999987	0.2206999999999999	0.6458221971988678	0.7741813741813742	3
1	108	61	0.1318999999999999	0.02300000000000013	0.6647138297557831	0.7702925219130714	0
1	55	30	0.8070000000000002	0.7815999999999999	0.6445683538913727	0.687803481921129	3
1	120	37	2.3341	2.2479	0.7339093089103699	0.6917941220572799	3
1	197	27	0.7246999999999999	0.46240000000000014	0.5366650819778442	0.7303267973856209	4
1	89	69	0.23150000000000026	0.13349999999999995	0.9031269401311874	0.7834233984969279	5
1	89	2	0.2753000000000001	0.18110000000000004	0.5922077894210815	0.5159489633173844	3
1	261	46	2.0164999999999997	2.0084	0.6769085228443146	0.7810602132752869	12
1	194	164	0.3071999999999999	0.1794	0.657287061214447	0.8282356028331261	2
1	45	11	0.21189999999999998	0.17120000000000024	0.6754341721534729	0.7461682354765665	5
1	125	63	0.8327	0.7756999999999998	0.7911291271448135	0.8049974025157849	0
1	31	85	0.8072000000000004	0.6557	0.6385842263698578	0.7626858326858327	1
1	169	59	1.8897000000000002	1.6941999999999997	0.7209686636924744	0.7678548060127007	7
1	114	114	0.20009999999999994	0.13619999999999988	0.5588245689868927	0.7735819735819736	1
1	108	44	1.0240000000000002	0.929	0.6755194067955017	0.8080483544535833	6
1	108	44	1.0240000000000002	0.929	0.6755194067955017	0.8080483544535833	6
1	42	12	0.48109999999999986	0.5189999999999999	0.44383180141448975	0.4736842105263158	0
1	5	70	1.0879	1.0683000000000002	0.5010792016983032	0.4006715506715507	0
1	191	54	0.10170000000000012	0.17609999999999992	0.729214072227478	0.8028415663284084	8
1	200	86	0.6851000000000003	0.5541999999999998	0.6842365860939026	0.775278442461105	5
1	31	92	0.9250999999999996	0.8089	0.6964312791824341	0.7708499561440738	0
1	178	49	0.5682	0.5899	0.8704105764627457	0.8025078925515177	9
1	44	2	0.41700000000000026	0.33730000000000016	0.4837377071380615	0.44366900156373845	1
1	14	28	0.13310000000000022	0.1842999999999999	0.7128024101257324	0.6692900279019989	4
1	25	90	0.7968000000000002	0.7040999999999997	0.5132849514484406	0.70487382987383	4
1	114	45	0.0948	0.27880000000000016	0.7786351442337036	0.7981359728312548	8
1	172	108	1.1072000000000002	0.9266	0.6531987488269806	0.7679583574320417	4
1	136	40	0.017699999999999827	0.1996	0.8600605428218842	0.875	0
1	87	26	1.5112	1.4534999999999998	0.24262666702270508	0.5713998419880773	0
1	44	21	0.8757999999999999	0.7952999999999999	0.6099146008491516	0.5496732026143791	1
1	25	116	0.13850000000000007	0.18000000000000016	0.6757984161376953	0.795209590246355	2
1	2	177	0.38019999999999987	0.09010000000000007	0.5846778750419617	0.8136514719848054	0
1	120	0	0.6744000000000001	0.6655999999999997	0.703482449054718	0.7728995991108994	1
1	220	113	2.3125999999999998	2.0606999999999998	0.4030327796936035	0.6836716329320389	6
1	14	41	0.12959999999999994	0.23870000000000013	0.5453537106513977	0.7020386192754614	3
1	33	6	0.29559999999999986	0.30010000000000003	0.6852430701255798	0.7185417915417915	5
1	8	15	0.09689999999999999	0.04579999999999995	0.6972861886024475	0.49242424242424243	1
1	145	142	0.08240000000000003	0.04200000000000004	0.6913440227508545	0.819023569023569	2
1	14	20	0.16380000000000017	0.07430000000000003	0.7938949167728424	0.6702988188282306	8
1	364	30	1.8094	1.6246999999999998	0.746516615152359	0.7303357753357753	9
1	200	66	1.2651	1.1734999999999998	0.42005419731140137	0.6923076923076923	1
1	77	73	0.30100000000000016	0.5166	0.728550910949707	0.7897605390252449	1
1	397	177	0.9422999999999999	0.8300000000000003	0.7460587024688721	0.643829242223205	4
1	56	15	0.17649999999999988	0.1947000000000001	0.5969719588756561	0.5509596294658213	3
1	31	42	0.08749999999999991	0.054300000000000015	0.4262608289718628	0.6911686707971538	1
1	62	61	1.5987999999999998	1.4213	0.4840700030326843	0.5860223110223111	1
1	131	94	1.5191	1.4062000000000001	0.5550644397735596	0.8616862129467171	6
1	69	33	0.6355	0.6084	0.7370829880237579	0.6866051638046523	2
1	153	108	1.5490000000000002	1.4247	0.571927398443222	0.6270929070929071	9
1	3	69	0.19379999999999997	0.14469999999999983	0.4236413836479187	0.6387445887445888	1
1	72	36	1.7067999999999999	1.5638999999999998	0.639491468667984	0.49781364468864475	2
1	61	6	0.2879999999999998	0.37870000000000004	0.5747571587562561	0.8279397799005642	0
1	238	111	1.7651	1.5512	0.7283244729042053	0.7264043944436102	12
1	145	106	0.4236000000000004	0.8229	0.43663638830184937	0.8493174472586238	8
1	233	196	0.8619000000000001	0.7880999999999998	0.7190901041030884	0.6222222222222222	6
1	230	58	1.4469999999999998	1.2016000000000002	0.35892319679260254	0.3508771929824561	1
1	131	59	1.9735999999999998	1.8626999999999998	0.7169800400733948	0.7946794980358167	9
1	69	61	0.397	0.44589999999999996	0.7477897703647614	0.7347229434174738	3
1	109	25	0.3072999999999999	0.2657999999999998	0.5035966038703918	0.7764941553544495	2
1	55	91	0.2688999999999999	0.30110000000000015	0.6720933318138123	0.8095316061647331	1
1	189	131	0.9040999999999999	0.8633	0.7472483515739441	0.7761904761904762	4
1	49	63	0.2513000000000001	0.26869999999999994	0.7818515598773956	0.7483500137878731	2
1	14	9	0.33099999999999996	0.30469999999999997	0.5501688718795776	0.6983978983978983	6
1	89	18	0.15839999999999987	0.22049999999999992	0.6335771977901459	0.39393939393939403	1
1	97	113	0.46179999999999977	0.2773000000000001	0.6979921460151672	0.8006965944272446	2
1	78	26	0.6706000000000001	0.5051000000000001	0.5953893661499023	0.4285714285714286	0
1	37	174	0.7524999999999997	0.6708000000000001	0.7014950513839722	0.7437984440954643	16
1	27	136	0.6499000000000001	0.6722999999999999	0.458285927772522	0.8002415986790987	6
1	136	147	0.1662999999999999	0.07529999999999992	0.5657854676246643	0.5746010954989283	0
1	11	7	0.7889000000000002	0.7634000000000001	0.7321698665618896	0.5201040789276083	1
1	91	23	0.8489999999999998	0.9363999999999999	0.8683886826038361	0.7608838845929735	3
1	14	30	1.5634000000000001	1.0134	0.5379464626312256	0.8893382352941177	3
1	22	68	0.6225	0.8451000000000002	0.671849936246872	0.7696428571428572	3
1	65	76	1.2018	1.0938999999999999	0.8239260315895081	0.6035436347278453	3
1	34	71	0.00770000000000004	0.060699999999999976	0.7418719232082367	0.6472888996108811	2
1	307	14	1.3877000000000002	1.2797	0.4215860366821289	0.5535775713794289	0
1	170	111	0.18359999999999999	0.1460999999999999	0.7641728073358536	0.6402991452991453	3
1	236	25	1.8296999999999999	1.6578	0.5689177811145782	0.7321428571428572	1
1	214	12	1.6283999999999998	1.5511	0.37094616889953613	0.5770895770895771	5
1	166	15	1.2199	1.2041000000000002	0.5299474000930786	0.7561555403660667	6
1	45	145	0.9836999999999998	0.8853	0.538082480430603	0.797979797979798	1
1	48	34	0.3705999999999998	0.31130000000000013	0.7259077429771423	0.6730311355311356	1
1	84	33	0.7733000000000001	0.7347000000000001	0.6898369193077087	0.688302728498807	0
1	9	46	0.47309999999999985	0.37159999999999993	0.5967623293399811	0.6397058823529411	0
1	164	90	0.8451	0.8325	0.6112141311168671	0.6411913250148544	1
1	186	107	0.6841999999999999	0.3356999999999999	0.6810434460639954	0.6566281596837527	1
1	25	70	0.2528999999999999	0.2269000000000001	0.6403144598007202	0.8911764705882352	1
1	198	247	0.6058000000000001	0.3679999999999999	0.7685622274875641	0.7085470085470085	2
1	156	35	1.4222000000000001	1.3740999999999999	0.6923389732837677	0.6093354358060241	0
1	92	60	1.3779	1.2479	0.4007875919342041	0.09999999999999998	0
1	142	37	0.2389000000000001	0.22850000000000015	0.6661935448646545	0.75	0
1	119	77	1.2118	1.1165	0.697805255651474	0.7377827613992474	2
1	20	26	0.4585999999999999	0.43669999999999987	0.34733396768569946	0.502061337355455	1
1	56	50	0.6532	0.614	0.8770551159977913	0.7724171539961013	2
1	120	10	0.26150000000000007	0.1846000000000001	0.6969442367553711	0.7903557737197443	0
1	111	43	0.017100000000000115	0.021200000000000108	0.869515061378479	0.8181818181818181	0
1	120	152	0.2431000000000001	0.2663000000000002	0.6054773330688477	0.8666666666666667	1
1	97	71	0.8201999999999998	0.7084999999999999	0.5425455570220947	0.5235796882855706	2
1	45	36	0.7652000000000001	0.6785000000000001	0.44301724433898926	0.6670260295260295	1
1	45	36	0.7652000000000001	0.6785000000000001	0.44301724433898926	0.6670260295260295	1
1	86	31	0.6971999999999998	0.6043999999999998	0.6944302320480347	0.5320550727413473	6
1	142	40	0.12080000000000002	0.5439999999999998	0.7169250845909119	0.6579954788933117	4
1	80	56	1.9415	1.3838000000000004	0.6162923872470856	0.3650793650793651	2
1	117	71	2.1692	2.0354	0.7399998307228088	0.7169719169719171	1
1	158	103	0.9164000000000001	0.8616999999999999	0.22681105136871338	0.23391812865497075	2
1	39	123	0.7159999999999997	0.6767000000000001	0.8184941709041595	0.727345023397655	6
1	122	26	0.6841999999999999	0.3978999999999999	0.8603324890136719	0.7703703703703704	2
1	144	85	0.5798000000000001	0.0	0.7311382591724396	0.8694444444444445	2
1	61	174	0.009700000000000042	0.011299999999999866	0.8564126342535019	0.8575208970977805	0
1	42	12	0.5104	0.4518	0.9608958698809147	0.7246050575111014	1
1	47	18	0.1256999999999997	0.14979999999999993	0.7941367924213409	0.6962822360913177	7
1	70	3	0.0	0.0	0.6909004151821136	0.7520833333333333	0
1	333	102	2.2967	2.2577	0.8932927548885345	0.7887313809914429	5
1	44	33	0.3595999999999999	0.3406	0.7088791728019714	0.5063825063825065	1
1	44	33	0.3595999999999999	0.3406	0.7088791728019714	0.5063825063825063	1
1	364	225	0.6020000000000001	0.6020000000000001	0.765910804271698	0.8920454545454546	1
1	30	48	0.20410000000000017	0.19310000000000005	0.6562333106994629	0.6029761904761906	2
1	9	27	0.35220000000000007	0.3272999999999999	0.9454559572041035	0.7203946108357873	1
1	66	40	1.0746	1.0314	0.828696221113205	0.5658119658119658	2
1	115	124	0.42600000000000016	0.3290000000000002	0.8949357271194458	0.6861111111111111	3
1	42	18	0.02320000000000011	0.006299999999999972	0.31972503662109375	0.5091331269349845	3
1	64	38	1.1987	0.6021	0.5934731066226959	0.5955882352941176	3
1	245	250	0.669	0.6532000000000001	0.6886690258979797	0.8238795518207283	2
1	31	15	0.7816000000000001	0.6947999999999999	0.5998517870903015	0.7007922568487585	1
1	81	56	1.1712	1.1026	0.7852837145328522	0.774969474969475	0
1	111	53	0.027099999999999902	0.06000000000000005	0.7603687345981598	0.7854591836734695	5
1	12	3	0.9408999999999998	0.8931	0.385505735874176	0.5435783715195479	1
1	86	94	0.8346	0.8808000000000001	0.802572175860405	0.7614419739187541	4
1	28	101	0.7721	0.6020000000000001	0.7257688045501709	0.6347222222222222	0
1	40	42	0.11539999999999995	0.010000000000000009	0.6523756682872772	0.7780906593406594	2
1	31	115	0.6343000000000001	0.5817999999999999	0.6448891758918762	0.7195767195767195	2
1	47	47	0.30100000000000005	0.3521000000000001	0.8147373199462891	0.6647727272727273	1
1	114	153	0.25959999999999983	0.3245999999999999	0.784096360206604	0.5714285714285714	1
1	89	65	0.30100000000000005	0.30100000000000005	0.8109306693077087	0.5	0
1	77	125	0.3892	0.3881999999999999	0.6941312551498413	0.774624060150376	0
1	0	33	1.1461000000000001	1.0934	0.7105656564235687	0.3739495798319328	1
1	31	33	0.6117999999999999	0.5920999999999998	0.6430679261684418	0.6205336304562311	3
1	150	35	0.6021000000000001	0.5673000000000001	0.7045567333698273	0.8018519883586963	8
1	12	17	0.2802	0.1484000000000001	0.5971880555152893	0.6183634992458522	1
1	44	47	0.47709999999999997	0.6020999999999999	0.5490168929100037	0.6069444444444445	0
1	55	83	0.22189999999999993	0.12499999999999994	0.5765726566314697	0.6038754062128675	2
1	58	2	0.07249999999999979	0.0	0.7939388006925583	0.4444444444444444	1
