word_one	easiness_word_one	word_two	easiness_word_two	easiness_both_words	difficulty_category
Flamme	0.8757833470108438	Stern	1.4127982156869936	1.4672743076857384	1
Geld	2.2545183322821045	Kredit	0.05902541705633712	1.465624177257885	1
Fähre	0.591315306474199	Hafen	1.2114386534449886	1.4648724979434182	1
Arbeiter	1.0326971150297826	Fabrik	0.8578799705380252	1.46444734172991	1
Fass	1.111664149191919	Schwein	1.2785019224988463	1.4643763520725523	1
Geige	0.5829214921871951	Klavier	0.895937268690682	1.4635352847313965	1
Flieger	0.6581910733369746	Pilot	1.003018511212454	1.4632857279149651	1
Anwalt	0.6776228371458138	Gericht	1.0709952870606891	1.462531227184	1
Anorak	-0.17110126020764038	Jacke	1.479691619359852	1.4623593817888494	1
Minute	1.150260664203648	Pause	1.1236627051039305	1.4622097934329452	1
Malerei	0.2210734522942925	Musik	1.9496189892063132	1.4618091147186605	1
Drache	0.9085846977738189	Wal	1.087406858383478	1.4604852813996965	1
Lied	1.5620948671603794	Melodie	0.35292162297353935	1.4596653179188084	1
Bucht	0.5411010921297856	Fluss	1.4758138023579208	1.4596267367411386	1
Anruf	1.054604246684468	Job	1.3168454857201686	1.4587732912775906	1
Butter	1.1416132902196998	Pfanne	0.8686451364154044	1.4580870180111845	1
Kiefer	0.5214445038019963	Zahn	1.5029955522801928	1.4571892557678499	1
Hexe	1.3495294541176932	Vampir	0.4195645704063341	1.45662066056769	1
Gitter	0.911326982966034	Mauer	1.462440490252796	1.454478792274343	1
Fenster	1.5812405614333778	Klingel	0.393273951304195	1.454394186937714	1
Anruf	1.054604246684468	Nummer	1.241459389568493	1.4541203770442013	1
Sonnabend	-0.19533293997632448	Sonntag	1.2201232219084193	1.452230347162271	1
Decke	1.5420582275727484	Matratze	0.32100870818728305	1.45041802983483	1
Schlange	1.0439720490814426	Spinne	0.8495461359449231	1.450031864304493	1
Esel	1.2778316585380916	Ochse	0.3450124280180403	1.4497556348398726	1
Prinzessin	0.7664416623129378	Ritter	1.239151189753401	1.4478970851472226	1
Lippe	0.7324093672424055	Zunge	1.287664247216985	1.445045062370433	1
Bein	1.6461016846679308	Gelenk	-0.12050793654516477	1.443921769588972	1
Boot	1.9114934137488706	Motorboot	-0.48246496232948305	1.443761186228281	1
Maschine	0.951851311244356	Rakete	0.7662399902591602	1.4427279926016596	1
Brief	1.621037464988596	Notiz	0.36598242286185445	1.4409948255191463	1
Dose	1.2334015570776036	Packung	0.39962931208135233	1.4397799433206009	1
Klavier	0.895937268690682	Musiker	0.9571231795182443	1.4396706910624055	1
Flugzeug	1.261530523151823	Hubschrauber	0.25468648096297075	1.4391155653845527	1
Dreirad	0.17382242494043063	Fahrrad	1.1645890112668673	1.4383495181600883	1
Befehl	0.6951313137715798	Plan	1.4772983376978106	1.4381538041288244	1
Krähe	0.5837854389310664	Ziege	1.1043028497447005	1.4379283765287076	1
Kirche	1.6974229544743755	Kloster	0.4001559007788448	1.4368697928525052	1
Polizei	1.7455895352935171	Revier	0.42386000666542084	1.4357835414573845	1
Nachthemd	0.20216477749007725	Tuch	1.362502570695103	1.4345772288107526	1
Mittag	1.1044880820002372	Mittagessen	0.4109001813064118	1.4345123695094593	1
Axt	1.081464911654335	Schaufel	0.3698854316360439	1.4329088240431669	1
Eule	0.9731108525987229	Möwe	0.5957043854083826	1.4321099430426472	1
Flucht	0.8199823901141446	Reise	1.456167426233255	1.4319760708020954	1
Benzin	0.8519102832161204	Reifen	1.0970605144733456	1.430457267693964	1
Schmuck	0.8352463266467498	Silber	0.9320210741007555	1.4301428660802682	1
Leute	2.137729220941469	Meute	-0.04273802703244778	1.4291311780853233	1
Frühjahr	0.3753192236500615	Sommer	1.541562005373577	1.4287792997221185	1
Schal	0.9047423699795266	Umhang	0.3712690419565416	1.4282126329080045	1
Dame	1.6030705052521939	Magd	0.2846853349579539	1.4273885231899768	1
Brücke	1.5472534544999434	Steg	0.3010668218009184	1.4262570160081975	1
Dieb	1.135058403236172	Diener	0.7797769746190945	1.4233701899053472	1
Kette	1.3169737351983628	Leine	0.9071282013395898	1.422908877410906	1
Dreck	1.2048400874366745	Schmutz	0.6188458907155466	1.4224707710238633	1
Mühle	0.7316344480976075	Ofen	1.3316737425310823	1.422175828040827	1
Abflug	0.07673901638886602	Flug	1.2976693058743727	1.4220593027753214	1
Glocke	0.9970625563112204	Trommel	0.5872617854858307	1.4209776672673748	1
Feierabend	-0.3512811863360414	Tag	2.505155901465275	1.4186357459354415	1
Schrei	0.81927508271048	Ton	1.4046986920883664	1.4185431778217943	1
Ausflug	0.6444911211417653	Urlaub	1.2012485956673549	1.41835745886204	1
Affe	1.2267116020353364	Elch	0.3839079352798417	1.418200452862556	1
Eigelb	0.3243700051787655	Teig	0.9876198701116161	1.418070571322046	1
Fluch	0.666750319674208	Traum	1.5271596992729226	1.4179542868459671	1
Bild	1.9759583185432215	Profil	-0.03492090766926482	1.4177917275463752	1
Falke	0.3444451697464765	Wolf	1.6765639740183538	1.4166247546681294	1
Schreibtisch	0.2332446873485168	Sofa	1.4232802741628099	1.4162193204131805	1
Auge	2.1074400759071015	Falte	0.08609586869219633	1.4159236039191854	1
Bauch	1.7088104853509491	Euter	-0.01887900650545002	1.4140394296147905	1
Giraffe	0.32863184864792766	Tiger	1.299842572999604	1.4125912318029155	1
Pirat	0.4854560500991102	Prinz	1.45065351088417	1.412302321268752	1
Durst	1.0096370566644974	Schmerz	1.134162243712887	1.4122923038108455	1
Elfe	0.15074406420141032	Fee	1.166934299647829	1.4118798454446497	1
Dieb	1.135058403236172	Gauner	0.26287037885547376	1.4109945233514718	1
Gurt	0.6010631103656265	Gürtel	1.0272832473092108	1.4088356128301027	1
Karte	1.5907962681123484	Truhe	0.5793985522206648	1.407058435288266	1
Frettchen	-0.752547503814468	Hund	2.294929492178026	1.4065271090664835	1
Museum	0.998209947938789	Theater	0.9653089957632334	1.4051695813492018	1
Gorilla	0.25374450158115514	Tiger	1.299842572999604	1.403989505636133	1
Hemd	1.6456339049742243	Unterhemd	-0.27277394698390484	1.4038951707758875	1
Absatz	0.2793765034597501	Satz	1.291935927491316	1.4037446141764485	1
Mond	1.8107600365793186	Skorpion	-0.1504410714564821	1.4037131903574585	1
Bein	1.6461016846679308	Ellenbogen	-0.09439575869315918	1.4023083074134415	1
Sahne	1.1315716468694903	Teig	0.9876198701116161	1.402050780333142	1
Donner	0.7247223376847854	Sturm	1.2426546416150939	1.4015811339639415	1
Album	0.8495881366462993	Song	0.6018007053024332	1.4015081234288373	1
Bus	1.9257875450746413	Straßenbahn	-0.20508562717470127	1.4013184226627216	1
Buch	2.2022677501113055	Fibel	-0.42626863806173426	1.4007232323985075	1
Fahrrad	1.1645890112668673	Kutsche	0.6232612800953593	1.3995978021668822	1
Magier	0.18891887256790293	Zauberer	0.6743881877674638	1.399573556480565	1
Adler	0.9131504218136651	Rabe	0.6514323383702894	1.399347838466483	1
Reptil	-0.35478960861706366	Tier	1.8450727783635732	1.3993033626349143	1
Hahn	1.3495330990500876	Rabe	0.6514323383702894	1.3979643891092257	1
Löwe	1.2665131106392535	Pfau	0.2876128498988745	1.397573336154235	1
Hexe	1.3495294541176932	Magier	0.18891887256790293	1.3975689572628203	1
Insekt	0.5081768740549509	Käfer	1.0980755479265751	1.39747257484634	1
Bucht	0.5411010921297856	Küste	1.18140216439496	1.3958567741493588	1
Baby	2.0239206364986617	Lätzchen	-0.23439732116743195	1.3954593299218552	1
Delphin	-0.1966322192457823	Fisch	1.749424638400629	1.3951332962571446	1
Lamm	1.0873644214934932	Stier	0.6462019832191316	1.3932651122028925	1
Bühne	1.4349366626730105	Matte	0.5743037138510102	1.3925043827898578	1
Eichhörnchen	-0.07927235761788494	Huhn	1.4953733543880352	1.2247264680613648	2
Frosch	1.0471849241250077	Regenwurm	-0.2671107348028547	1.2246971267745266	2
Mensch	1.8828442000063825	Parasit	-0.8544653636842892	1.2244267323970652	2
Job	1.3168454857201686	Kredit	0.05902541705633712	1.224376045408546	2
Kuckuck	0.3940479968183606	Storch	0.43144917204440075	1.2241833751861955	2
Ballett	0.0788483518009934	Tanzen	0.8148963782967324	1.224093168520855	2
Pirat	0.4854560500991102	Prinzessin	0.7664416623129378	1.2237551574854395	2
Donner	0.7247223376847854	Glut	0.48772992136935495	1.2206509042403801	2
Schacht	0.05315935899785504	Tunnel	1.113238248592734	1.2201131470478919	2
Kajak	-0.4278198450811013	Strand	1.3123945870780684	1.2200728886230794	2
Biene	1.006731443906747	Eichhörnchen	-0.07927235761788494	1.2189775903625626	2
Ozean	0.7628208255789632	Pazifik	-0.03833548390851874	1.2189081650309723	2
Gelenk	-0.12050793654516477	Knochen	1.1146211795620082	1.2184325294832388	2
Kamerad	0.12636066474851954	Kapitän	0.9356231020811161	1.2175973825966495	2
Mütze	1.2437401771856953	Schlafanzug	-0.04372290080092063	1.2172055594333222	2
Gelenk	-0.12050793654516477	Wunde	1.1501145259788468	1.2168790843147974	2
Frühjahr	0.3753192236500615	November	0.7654982515305738	1.2159989355482816	2
Laus	0.25391644763195315	Spinne	0.8495461359449231	1.215794633938993	2
Biest	0.28208122128135876	Held	1.1233426429386073	1.215724286139787	2
Kohle	1.009970364925262	Pfennig	0.31748281016007507	1.2156084770270896	2
Dogge	-0.10752456452179532	Kater	1.092731177084111	1.2151173397034745	2
Keks	0.9658803602241107	Toaster	0.0891192899766814	1.2150201141580765	2
Duft	0.8485337497053169	Gestank	0.4005390598825213	1.2149499305138758	2
Moped	0.14251734148681267	Motorrad	0.6418046956665676	1.2147219364556066	2
Galle	-0.352605181079852	Körper	1.7185975900866768	1.2142480819151908	2
Apfel	1.347405792165928	Blumenkohl	-0.3557157623742538	1.2140626794838194	2
Song	0.6018007053024332	Szene	0.7117053966863867	1.2133662721180203	2
Gemüse	1.2655204556670998	Grünkohl	-0.6237083587855365	1.2120353702417876	2
Schrank	1.0565562132685438	Tresor	0.21926152340490096	1.2118949328891846	2
Pilz	0.9437269900726581	Schleim	0.14045920057905753	1.2116669841414083	2
Applaus	0.43507812840425236	Sieger	0.9627016883838388	1.2110493855735376	2
Arbeiter	1.0326971150297826	Farmer	0.17199640154995313	1.2102083422042187	2
Pilz	0.9437269900726581	Schimmel	0.08321082448347995	1.2099145205563888	2
Führung	0.5921151798690103	Regierung	0.584810133711289	1.2090402554509514	2
Sellerie	-0.2757019607842109	Spinat	0.6451604826433301	1.208482036630273	2
Backe	0.5418957525693604	Kehle	0.6019260133277058	1.20825272306273	2
Helligkeit	-0.5624137292007457	Licht	1.776677389299658	1.2082292279378621	2
Farmhaus	-0.9261938679446545	Wald	1.9349273709838124	1.2080533211042657	2
Ballett	0.0788483518009934	Oper	0.7981208376622058	1.2080105080201342	2
Abteil	0.05070059702780865	Lager	1.2327258457729062	1.2080024949366943	2
Gewitter	0.237851513390796	Unwetter	-0.08694329081312252	1.2079295750586054	2
Narbe	0.6101709265487016	Warze	-0.07069481392057848	1.2078594528495923	2
Liter	0.999809947918351	Volt	-0.11986204900985899	1.207542845540357	2
Lenker	0.08250309843902448	Motor	1.107188382785478	1.2074707931286193	2
Butter	1.1416132902196998	Margarine	-0.4300719219619125	1.2068249998133012	2
Flöte	0.6906936699988299	Posaune	-0.2695601795084742	1.2061351533975397	2
Gegend	1.0343863632095531	Landschaft	0.1688870937257414	1.2059695115812818	2
Ausbruch	0.1761842182972412	Beginn	1.1887132269472798	1.2058667956650626	2
Bohne	0.5440786158439764	Erbse	0.4033802445746136	1.2052653154342936	2
Konzert	0.5373379501157358	Oper	0.7981208376622058	1.2050873977789358	2
Festung	0.38647635920231144	Palast	0.8299100528686829	1.2049177774372304	2
Mantel	1.1258492835022111	Sakko	-0.46085833454401287	1.204619867207693	2
Fischer	0.8753063296445975	Schneider	0.389048169853574	1.20458728750884	2
Schauspieler	0.22710363305379414	Theater	0.9653089957632334	1.2035961044138914	2
Banane	0.691050951085239	Kaktus	0.15861916374735271	1.2024630215584022	2
Hütte	1.2659399487804899	Plantage	-0.38297379516637425	1.2023947416269893	2
Tango	-0.13452923314979612	Tanz	1.3944680361813475	1.2014300114835612	2
Ochse	0.3450124280180403	Riese	0.8033170159317967	1.1994009992470254	2
Ballett	0.0788483518009934	Theater	0.9653089957632334	1.1989449771952443	2
Schmerz	1.134162243712887	Übelkeit	0.06918255011452973	1.1985755352381855	2
Affe	1.2267116020353364	Reptil	-0.35478960861706366	1.198154181764404	2
Künstler	0.7083690370238077	Schauspieler	0.22710363305379414	1.1980254926789993	2
Blase	0.6687816775986748	Flüssigkeit	0.06804580249173856	1.1977623335289378	2
Gurke	0.5909848748021019	Waffel	0.04650422195920401	1.1976516293658717	2
Parfum	-0.046549543365901815	Parfüm	0.265954661611694	1.1975143542783229	2
Fußball	0.8810173621353824	Schach	0.4132717575715229	1.1974279179449565	2
Diesel	-0.04228585988272491	Motor	1.107188382785478	1.197220958700946	2
Fassung	-0.041972478422237225	Satz	1.291935927491316	1.1967690147986967	2
Kappe	0.5878972911760534	Krawatte	0.0740962548974679	1.1967236189113355	2
Schmutz	0.6188458907155466	Sumpf	0.625561896746426	1.195566068087956	2
Glasur	-0.16482300203409575	Schale	0.92845181792314	1.1952115918866413	2
Klavier	0.895937268690682	Saxophon	-0.43622473329441336	1.194827251597998	2
Biene	1.006731443906747	Regenwurm	-0.2671107348028547	1.1941641582209404	2
Stier	0.6462019832191316	Stute	0.4809462008172678	1.1940356364427147	2
Behörde	0.025557524976765306	Gericht	1.0709952870606891	1.192991434738102	2
Box	0.8290287362922392	Safe	0.3663057069318268	1.192613521372067	2
Betrag	0.38963286438873396	Zahlung	0.30318187592145335	1.1922776294709174	2
Dachs	0.2727522649943175	Elch	0.3839079352798417	1.1897096457151988	2
Schaum	0.6032236553231127	Watte	0.2552849367473595	1.188613648123624	2
Banane	0.691050951085239	Kiwi	-0.1733287200072188	1.187434824465244	2
Ferien	0.6503948963540109	Freizeit	0.3136929227652031	1.1872453981729907	2
Figur	1.1288513215175602	Regisseur	-0.17893650364619787	1.1870795694174439	2
Farm	1.0229300912644432	Plantage	-0.38297379516637425	1.1863043672090312	2
Hirte	0.5663688965750142	Knabe	0.33767035596522643	1.1861665063552735	2
Donner	0.7247223376847854	Gewitter	0.237851513390796	1.1857889087927274	2
Fußball	0.8810173621353824	Handball	-0.5426826510140398	1.1856291616540828	2
Gletscher	-0.4720916150904019	Schnee	1.314918304175008	1.1854898544770467	2
Bier	1.6110822371194715	Karaffe	-0.8432254575833484	1.1853193665468658	2
Glocke	0.9970625563112204	Harfe	0.008966873161916938	1.1851636454677554	2
Alarm	0.8740522899022748	Sirene	0.33249662699468946	1.1828618337616674	2
Dichter	0.41815486146743375	Poet	-0.17055505931717188	1.18235326855128	2
Giraffe	0.32863184864792766	Krokodil	0.2709481513075034	1.1820640968323413	2
Leine	0.9071282013395898	Pudel	0.3530904655674569	1.1820313110524132	2
Anorak	-0.17110126020764038	Pullover	0.5432662270949844	1.1819321228498156	2
Einladung	0.4779236844988036	Geburtstag	0.78317081905194	1.1813372290922595	2
Massage	-0.12508569086737714	Tanz	1.3944680361813475	1.1806666847477203	2
Haustier	0.47564393721650083	Tierarzt	0.4000348734809999	1.180429440996086	2
Gladiator	-0.6880938283699524	König	1.7623984017404581	1.1803373517857207	2
Koch	1.404500324037956	Zimmermann	-0.37472196904531374	1.1789875560270304	2
Kamm	0.8817506378022335	Rüssel	0.37076815705155625	1.1785178747575342	2
Kohlrabi	-0.43445465485321	Paprika	0.24237830759734233	1.0482936634202817	3
Boxer	0.5527302564544273	Komiker	-0.3256092650525767	1.0468369041562535	3
Bonbon	0.4528250259740536	Sandwich	-0.17154071772377363	1.0468081340579478	3
Porzellan	-0.16206857625894688	Seide	0.6487389714798235	1.0467871581654773	3
Halunke	-0.5549031329215619	Narr	0.48550146385100557	1.04640893461166	3
Liege	0.36279988360792964	Matratze	0.32100870818728305	1.0462286309631628	3
Muskel	0.1472096930851426	Vene	-0.0404740828132908	1.045159801978985	3
Fledermaus	-0.24321854639380086	Papagei	0.4439356180757723	1.0451098584330798	3
Gespräch	1.02916611309449	Seminar	-0.3087013236275826	1.0447384955901096	3
Nichte	0.48783320782362705	Zofe	-0.4636021313553708	1.042732291833048	3
Mieter	0.09235195394481391	Verkäufer	0.37944964148604743	1.0426692835105151	3
Nahrung	0.678531698782195	Verzehr	-0.22306663017882886	1.0415772626916608	3
Spritze	0.5503749206944859	Zecke	-0.1516589100511386	1.041302149859729	3
Anorak	-0.17110126020764038	Unterhemd	-0.27277394698390484	1.041194068776274	3
Loch	1.6707950537842056	Luftloch	-1.3774998209173517	1.0411086087166392	3
Geige	0.5829214921871951	Mundharmonika	-0.8368153927383031	1.0409844827807604	3
Brezel	-0.12818777149757724	Grill	0.6962941951084088	1.0406409404250723	3
Motor	1.107188382785478	Rücklicht	-0.7134439772025876	1.0400495329592503	3
Ameise	0.5084215608232776	Libelle	-0.37792767705881325	1.0394655066116423	3
Abgrund	-0.06224256916128192	Pfad	0.7712904451844944	1.0383531100308254	3
Gehirn	1.1435978280600338	Plasma	-0.6964789828089809	1.038343680847476	3
Eisberg	-0.4418305415504992	Ozean	0.7628208255789632	1.0377513623653891	3
Magier	0.18891887256790293	Troll	0.06325292195332755	1.0376677278792303	3
Blüte	0.7638604115625252	Knospe	-0.36948310821629216	1.0372874279121715	3
Essig	0.6017855772035565	Ingwer	-0.6102910868905443	1.0363152479146507	3
Duft	0.8485337497053169	Veilchen	-0.2067227758840788	1.035925082248458	3
Wespe	0.330837105444606	Zecke	-0.1516589100511386	1.0356826730387048	3
Becher	1.0885943191990735	Karaffe	-0.8432254575833484	1.0354584097169208	3
Ehe	1.522974863147792	Mitgift	-0.9723513527527597	1.0350550195027748	3
Rinderbraten	-1.362400826349499	Salat	1.118602636481394	1.0339528354170744	3
Elfenbein	-0.4953042592500327	Schmuck	0.8352463266467498	1.0326840984949444	3
Bohrinsel	-1.135365357589316	Küste	1.18140216439496	1.0317731780750752	3
Raubtier	-0.03146336873220667	Rudel	0.2991845601619302	1.0317658124660027	3
Diele	-0.0824593220553786	Matratze	0.32100870818728305	1.0316108431925195	3
Medaille	0.11184646686919367	Pokal	0.28800206049278476	1.0315313752556625	3
Badeanzug	-0.1282129701636212	Bikini	-0.16091381454799497	1.0306802062966238	3
Bonbon	0.4528250259740536	Osterei	-0.29200767615086776	1.0306239394183803	3
Raubkatze	-0.8422221260176131	Spinne	0.8495461359449231	1.0305052519328424	3
Bluse	0.6807488153967259	Lederjacke	-0.641938781455075	1.030394544323077	3
Aufbau	0.5712494460100518	Gründung	-0.3677681449632745	1.0302882846422954	3
Keller	1.49077501146214	Latrine	-1.1714626397232903	1.029172293658304	3
Grotte	-0.26173884647559503	Versteck	0.7556035836867468	1.027813620002417	3
Eisenbahn	0.4878803462753074	Straßenbahn	-0.20508562717470127	1.0277767358018053	3
Buchladen	-0.09536576193964906	Friseur	0.6096865240580855	1.0274769452368337	3
Haustier	0.47564393721650083	Reptil	-0.35478960861706366	1.027370005674188	3
Ganove	-0.6634950921270519	Gauner	0.26287037885547376	1.0270861756537994	3
Makler	-0.5007477978233	Partner	1.0495378921829914	1.0268538660912627	3
Dessert	-0.06935260391541272	Gulasch	-0.18563916330839267	1.026302643279772	3
Lerche	-0.2975560829888204	Spatz	0.5815331734112162	1.0255308708230226	3
Biografie	-0.8351756895680522	Werk	1.2321343790335761	1.0251128983272086	3
Adresse	0.9859575528181677	Kartei	-0.6000924206549725	1.024898664507432	3
Breite	0.4477073604005594	Entfernung	0.1985709318063709	1.0248637058202574	3
Schlaf	1.293961559186882	Trott	-0.6452228942142577	1.0247176283924981	3
Mitglied	0.5931208465478992	Vertreter	0.04461883680868664	1.0245274748644366	3
Dichter	0.41815486146743375	Malerei	0.2210734522942925	1.0243833512225582	3
Bratsche	-1.1745748028281053	Flöte	0.6906936699988299	1.023903003303653	3
Mitternacht	0.2064477861340712	Sirene	0.33249662699468946	1.0238219712978114	3
Abstand	0.6623420246263595	Radius	-0.41274049905527566	1.0234803647768587	3
Alphabet	-0.13257314658883596	Schrift	0.6808529817487081	1.0233199280940186	3
Küken	0.9740282662893429	Meerschweinchen	-0.8443799861590097	1.0228820027964085	3
Kandidat	-0.12499810970983853	Präsident	0.588915199964535	1.0227531024693928	3
Abdruck	0.0563697102892276	Photo	0.5262382209952812	1.0227519000907492	3
Chor	0.6854632872725301	Oboe	-0.4238610373805483	1.020434258316304	3
Schatz	1.1705493631498198	Trampel	-0.7603325604947485	1.020207113268886	3
Einfahrt	0.10555709466004358	Lift	0.2559998774516712	1.0202043880101155	3
Krokodil	0.2709481513075034	Nilpferd	-0.3781880290145761	1.020109176423915	3
Omnibus	-0.39610414770978847	Stau	0.7314644724160405	1.0200657166738396	3
Adresse	0.9859575528181677	Webseite	-0.5874503160810554	1.0197828980902637	3
Kerbe	-0.09080865262481883	Keule	0.39394400093089205	1.0192243795965348	3
Lichtung	-0.28424586280838665	Moor	0.4944111025028326	1.0191928672844626	3
Puder	0.24749485888442027	Schminke	-0.11164638643399849	1.018753395357738	3
Minigolf	-0.6607896498312603	Tennis	0.3373105316986839	1.018655988466941	3
Künstler	0.7083690370238077	Skulptur	-0.39150359720577105	1.0186549370165607	3
Anzug	0.7578155412429094	Strickjacke	-0.7768952110064024	1.0182843513089443	3
Amateur	-0.7608229217228484	Profi	0.38855648627207795	1.0180277947690886	3
Keller	1.49077501146214	Wäscheschrank	-1.407682378000911	1.017995038601621	3
Friseur	0.6096865240580855	Rasierer	-0.3120818605476253	1.0172938608646662	3
Schrank	1.0565562132685438	Wäscheschrank	-1.407682378000911	1.017133356401824	3
Orgel	0.36003843619891795	Posaune	-0.2695601795084742	1.0167367083517387	3
Chirurg	-0.1994112971977991	Zahnarzt	0.7238779667848394	1.0163218439440838	3
Handel	0.38220966501500414	Industrie	-0.26703990805085775	1.01612612680867	3
Judo	-0.3695401937737089	Karate	0.11176664435385623	1.0154313651044946	3
Taifun	-0.6085683023245484	Welle	0.9947141318845742	1.0152795309589504	3
Dosis	0.34640478717901674	Temperatur	0.05787741376198434	1.0148605928953718	3
Fabel	-0.2474702973610238	Roman	0.7568190257508882	1.014793071303171	3
Einfahrt	0.10555709466004358	Sirene	0.33249662699468946	1.014590091223347	3
Autoradio	-0.6276018986320187	Hupe	0.6304224717513961	1.0139587362803242	3
Aprikose	-0.5459781750249881	Pfirsich	-0.04180663399829466	1.013838132638143	3
Diele	-0.0824593220553786	Geländer	0.34545145937288946	1.0137801099215955	3
Paket	0.8192022102276425	Telegramm	-0.40970337793892325	1.0133897414315813	3
Nachtschrank	-1.385147671211979	Sofa	1.4232802741628099	1.01334981375679	3
Physiker	-0.3640392237003354	Professor	0.5863424241833055	1.013313966894485	3
Makler	-0.5007477978233	Verkäufer	0.37944964148604743	1.0130473139931984	3
Besteck	0.415605109676284	Lätzchen	-0.23439732116743195	1.0129727127383312	3
Huf	0.442457268968287	Klaue	-0.2914679779802279	1.0120373316817015	3
Radar	-0.06333082715043914	Roboter	0.6306863633526478	1.0119023381336292	3
Chef	1.4411688653459025	Schakal	-0.8496719341498711	1.011509955876789	3
Fink	0.3502127839216306	Verlag	0.14954510956530032	1.0111092886840263	3
Galopp	0.09330097752197211	Marsch	0.36391285143106966	1.0111024348179005	3
Delle	-0.22075356711143615	Kante	0.4707078652332267	1.0110885766353839	3
Hangar	-0.601725179903124	Mine	0.6261839317839794	0.8794377567683461	4
Mosaik	-0.32901021008446424	Porträt	0.045804613033794545	0.8793765934778525	4
Haferbrei	-0.4789605528583165	Waffel	0.04650422195920401	0.8791544910356478	4
Larve	-0.24650561110326047	Warze	-0.07069481392057848	0.8790926847884305	4
Lift	0.2559998774516712	Omnibus	-0.39610414770978847	0.8790654074453423	4
Präsident	0.588915199964535	Präsidium	-0.8722853579416329	0.878762726066641	4
Cowboy	0.46927068518590587	Rockstar	-0.740606178856076	0.877835283452967	4
Heizung	0.5109179308999354	Thermostat	-1.2986525932263226	0.8777302487271019	4
Kabel	1.1652880135391548	Laubsäge	-1.3498209864460158	0.8777203116947523	4
Dessert	-0.06935260391541272	Sushi	-0.4389739949975317	0.8770835950475122	4
Auskunft	0.02456988366677708	Überblick	-0.12870478410033356	0.8769603035346997	4
Baumwolle	-0.20944500078726175	Roggen	-0.2546375455209566	0.87664876363117	4
Entfernung	0.1985709318063709	Radius	-0.41274049905527566	0.8763339426224915	4
Gletscher	-0.4720916150904019	Schlucht	0.09547455298742646	0.8759912057645705	4
Oboe	-0.4238610373805483	Pianist	-0.21335273243121122	0.8754444126194673	4
Marienkäfer	-0.3368951765175483	Regenwurm	-0.2671107348028547	0.8753227308786302	4
Ferse	0.20385083948754174	Taille	-0.3684960234228043	0.8752686943577606	4
Handball	-0.5426826510140398	Mannschaft	0.47155282899872375	0.8750244056050689	4
Elfe	0.15074406420141032	Rune	-0.5965216653923694	0.8736772847508475	4
Keyboard	-0.7483723064548506	Schlagzeug	-0.20991033632066242	0.873564883626392	4
Laube	-0.2902484397540973	Unkraut	0.14484955925050877	0.8734489490238335	4
Pfiff	0.0876986261859494	Solo	-0.04719047489615698	0.8731387694563779	4
Pudel	0.3530904655674569	Schimpanse	-0.7791760938831856	0.8709637123720958	4
Aquarium	0.30966823554379497	Gewächshaus	-0.6800347274225349	0.8704367834610898	4
Hubschrauber	0.25468648096297075	Motorboot	-0.48246496232948305	0.8701932765394108	4
Kohlrabi	-0.43445465485321	Weißkohl	-0.6770556996096946	0.8699296292726706	4
Idol	-0.0925400042860401	Superstar	-0.5498857080025743	0.8698799874021275	4
Gewitter	0.237851513390796	Smog	-0.48333868320774603	0.8698493383170504	4
Literatur	-0.0354583399779597	Lyrik	-0.5486757358438555	0.8693465980231301	4
Koralle	-0.6467622277848782	Raupe	0.6015336400530307	0.8692211894536073	4
Rektor	0.2993070790242693	Sekretär	-0.4122617093594538	0.869134285442701	4
Anregung	-0.5038832268273942	Einladung	0.4779236844988036	0.868663589868391	4
Mikroskop	-0.43343080487506225	Skelett	0.18454999242516884	0.8672805172389466	4
Fee	1.166934299647829	Hasenpfote	-1.328246922396311	0.8671605354285058	4
Fischstäbchen	-0.9951388421210001	Pute	0.1401627001190812	0.8669983993980894	4
Gauner	0.26287037885547376	Millionär	-0.35987766099497714	0.8667928148215558	4
Karaffe	-0.8432254575833484	Limonade	0.32846816009871627	0.866382276206072	4
Kreisel	0.12133603018333786	Walze	-0.43780244754564956	0.865129154798236	4
Harfe	0.008966873161916938	Mundharmonika	-0.8368153927383031	0.8651179969156075	4
Anorak	-0.17110126020764038	Haarband	-0.7163460954378087	0.8646113730320903	4
Batterie	0.23545664615809492	Reaktor	-0.640043395301953	0.8642635357298157	4
Frisur	0.4942767112884855	Pumps	-0.891876433372613	0.8640552399556949	4
Ingenieur	-0.22002264535897184	Physiker	-0.3640392237003354	0.8640416054996705	4
Haarband	-0.7163460954378087	Taschentuch	0.08171612394354952	0.8637883103987193	4
Hypnose	-0.4110010384222094	Therapie	0.133778568441587	0.8628507860569561	4
Fagott	-0.9643455106851113	Oboe	-0.4238610373805483	0.8615777823861361	4
Bargeld	0.49380420120452595	Wohnmobil	-0.5104520317370935	0.8609684302192733	4
Karotte	0.08974032228180158	Wassermelone	-1.0403145603777597	0.8606357877101574	4
Filmstar	-0.418852286097107	Komiker	-0.3256092650525767	0.8601409231282183	4
Nachruf	-1.0356349409744992	Roman	0.7568190257508882	0.8597257793068255	4
Miene	0.03187039872731632	Wicht	-0.26581994241002754	0.8597062398930055	4
Dessert	-0.06935260391541272	Espresso	-0.5710056483208964	0.859701966732156	4
Kuckuck	0.3940479968183606	Zaunkönig	-1.0358922245690165	0.8594942289351248	4
Muschel	0.32122416279835353	Seestern	-0.6843069215972378	0.858888240458884	4
Lederhose	-0.762566806286068	Schürze	0.14612346061550024	0.8586465352691622	4
Cockpit	-0.05120843628977006	Viper	-0.2792900150614083	0.8585372893347344	4
Parasit	-0.8544653636842892	Virus	0.47506537062992277	0.8584764794686527	4
Bildnis	-0.6447757546709483	Porträt	0.045804613033794545	0.8583928013838266	4
Reaktor	-0.640043395301953	Roboter	0.6306863633526478	0.8582314869372019	4
Gekicher	-0.9680795759654321	Geschrei	0.23818594972554785	0.8579204899767285	4
Fußball	0.8810173621353824	Leichtathletik	-1.4316724255749427	0.8574658808760766	4
Adler	0.9131504218136651	Steinadler	-1.3386527732072113	0.8570311949541719	4
Gesang	0.7909310756523187	Loblied	-0.9210101097696631	0.8568679418916089	4
Bikini	-0.16091381454799497	Minirock	-0.8907700785698692	0.8566113834653221	4
Chemiker	-0.40571820840270384	Physiker	-0.3640392237003354	0.8565043738327619	4
Blockade	-0.8003621907271974	Regierung	0.584810133711289	0.856436537472689	4
Bereich	0.841244376255525	Segment	-0.9182310819542681	0.8562956339933525	4
Abflug	0.07673901638886602	Visum	-0.24185023024973917	0.856017738332875	4
Rudern	-0.06706943872560557	Schießen	-0.09136692108676589	0.8559793218414138	4
Idol	-0.0925400042860401	Poet	-0.17055505931717188	0.8559130880327884	4
Architekt	-0.34081348134829714	Ingenieur	-0.22002264535897184	0.854918195675441	4
Finale	-0.01192619016950599	Solo	-0.04719047489615698	0.854761358030866	4
Korken	0.24795204470997081	Pinzette	-0.4796072099907647	0.8545673076028745	4
Kurort	-0.49223001353211393	Oase	0.14933686303365443	0.8545351271349445	4
Ananas	0.14549073645021007	Papaya	-1.0013746646579758	0.8543850083706914	4
Stirnband	-0.7353431220934435	Unterhemd	-0.27277394698390484	0.8537653334721707	4
Fraktion	-0.7193407759039299	Regierung	0.584810133711289	0.8529434111993601	4
Radar	-0.06333082715043914	Viper	-0.2792900150614083	0.8526740505033835	4
Heizer	-0.45629980260254316	Lokführer	-0.3045485523788316	0.8526518271052587	4
Grotte	-0.26173884647559503	Laube	-0.2902484397540973	0.8525795259890414	4
Reiher	-0.44002414163373765	Rotkehlchen	-0.7403853821879682	0.8519248809661204	4
Haferbrei	-0.4789605528583165	Teelöffel	-0.059896217883941165	0.8516262140430395	4
Rasierer	-0.3120818605476253	Schürze	0.14612346061550024	0.8510628067306437	4
Darlehen	-0.6564607511374652	Zahlung	0.30318187592145335	0.8510402187623924	4
Matrose	0.06349252236138725	Segelschiff	-0.8015376212604267	0.8510286141827736	4
Butter	1.1416132902196998	Schalotte	-1.8674228950532779	0.8500891036910734	4
Matrose	0.06349252236138725	Seehund	-0.3403403621043845	0.8491295530883941	4
Abgrund	-0.06224256916128192	Finsternis	-0.10588348259444892	0.848929510802568	4
Faulpelz	-0.6711494150595351	Lohn	0.4791247674345029	0.8485780810815613	4
Metzger	0.31722808964366267	Schuhmacher	-0.791975795406783	0.8481707738421873	4
Joggen	-0.37978831978654376	Picknick	0.19207324569448955	0.8476529677145896	4
Aluminium	-0.6089490025402866	Kork	-0.13968097909186053	0.8470249858872181	4
Grünkohl	-0.6237083587855365	Hering	-0.004128640696524526	0.8469043530025635	4
Akrobatik	-1.26473001463179	Sport	1.0682635681614878	0.8467822980717381	4
Kranich	-0.42670521522895344	Schmetterling	-0.11789813737567395	0.8465699038459427	4
Galle	-0.352605181079852	Rachen	-0.05441927829332707	0.8465295388319364	4
Bauarbeiter	-0.12283007183424602	Matrose	0.06349252236138725	0.8465219524017277	4
Radieschen	-0.4072932102627085	Rettich	-0.6023838673179385	0.8462332344380438	4
Dattel	-1.2303218628565251	Gurke	0.5909848748021019	0.8458454938630794	4
Klempner	-0.12923173628833307	Mechaniker	-0.5619267747560873	0.8457845138686908	4
Folie	0.2186488814634148	Sandpapier	-1.2638621296562875	0.716368652406055	5
Chauffeur	-0.41893862386642855	Pförtner	-0.5252053393122946	0.7162625060400705	5
Trampel	-0.7603325604947485	Wicht	-0.26581994241002754	0.7161082644085354	5
Kurbel	-0.45500631285947096	Regler	-0.6104882240868931	0.7158531724786834	5
Allergie	-0.2739533683922179	Rheuma	-0.7184811797654027	0.7148303403016358	5
Bohrinsel	-1.135365357589316	Yacht	0.1064643826332126	0.7144428390652945	5
Bergsteigen	-1.3795361498878556	Klettern	-0.10204493259459833	0.7138278001724208	5
Hagebutte	-1.134282827709183	Himbeere	-0.22436726940414908	0.7138237433697284	5
Latzhose	-0.7341973097694572	Lederhose	-0.762566806286068	0.7137555304571999	5
Autoradio	-0.6276018986320187	Wohnmobil	-0.5104520317370935	0.7132130391750269	5
Kimono	-0.8865399816095393	Nelke	-0.22292628273382908	0.7128945757689733	5
Gazelle	-0.48886271863391206	Iltis	-0.5183582310294488	0.7123627558923942	5
Fink	0.3502127839216306	Kurator	-1.0792755009444834	0.7120401900883344	5
Schraubstock	-1.5354261782292142	Zange	0.3553837697922552	0.7119536981647556	5
Hochsprung	-1.14853997982959	Weitsprung	-0.9590674179496443	0.7117487308319256	5
Kreuzspinne	-1.9870738548946207	Wurm	1.0931351353652812	0.7108647330741988	5
Gatte	-0.27667066862573875	Zofe	-0.4636021313553708	0.7107054256234977	5
Dachdecker	-0.8651274026045239	Tischler	-0.21510143011010968	0.7105071961749537	5
Anflug	-0.13849655279529072	Geheul	-0.46130764891996356	0.7104408125034152	5
Abwurf	-0.30065643265215786	Countdown	-0.7357353935281059	0.7098925162030636	5
Bandit	-0.2692082103971295	Komplize	-0.4813339193141746	0.7098565985842751	5
Aufsatz	0.04939460321129561	Chronik	-0.8815391631930595	0.7098054512009689	5
Brause	-0.13920033058079082	Grapefruit	-1.0593329703025305	0.7087168056614515	5
Nelke	-0.22292628273382908	Orchidee	-0.8810449477121698	0.7086380663987915	5
Leiterwagen	-1.639778436804496	Traktor	0.4226834029352448	0.708367825706265	5
Cockpit	-0.05120843628977006	Lotse	-0.6404359713165918	0.7080191188842915	5
Fotograf	0.3276319088246474	Geologe	-1.1022432978985983	0.7076582999776115	5
Erbin	-0.23577788568816405	Mitgift	-0.9723513527527597	0.7070529757771976	5
Dialekt	-0.3784838877257953	Verb	-0.38838275952534806	0.7057166324545637	5
Feldsalat	-1.1855556881005882	Grünkohl	-0.6237083587855365	0.7052667736663792	5
Kreuzspinne	-1.9870738548946207	Pilz	0.9437269900726581	0.7051532825880997	5
Obelisk	-1.1061015215087864	Pyramide	-0.06971374301485818	0.704798714831416	5
Querflöte	-1.1507583432792308	Saxophon	-0.43622473329441336	0.7044107396772076	5
Ration	-0.7099457545905333	Zugabe	-0.0025966271510041907	0.7042153274696361	5
Breitseite	-1.482414257671008	Ladung	0.5802163726459054	0.7035619259645932	5
Schlittschuhlaufen	-1.8621820638550253	Ski	0.7393364446902071	0.7035561425569852	5
Espresso	-0.5710056483208964	Mokka	-0.6912967161984838	0.7034770931673162	5
Parfum	-0.046549543365901815	Pumps	-0.891876433372613	0.701709230017822	5
Hobel	-0.4768458102115436	Raspel	-1.1569923809524756	0.7016586249892981	5
Regie	0.1609989787128173	Thriller	-0.8545670031505399	0.7015622988161359	5
Biologe	-0.7845551918566394	Chemiker	-0.40571820840270384	0.7014690585665909	5
Blaumeise	-1.4417746339641118	Raupe	0.6015336400530307	0.7011843548676486	5
Steinbock	-0.9391410588750064	Venus	0.06261922513757724	0.7010912205354712	5
Idol	-0.0925400042860401	Rivale	-0.6604699361154576	0.7003682135342069	5
Anästhesist	-1.7779180053690846	Zahnarzt	0.7238779667848394	0.700190947355122	5
Kalorie	-1.5662632112513688	Nahrung	0.678531698782195	0.7000673622075995	5
Reiseleiter	-1.1765648055601998	Tourist	0.005516601214813843	0.6998706964112089	5
Bohne	0.5440786158439764	Johannisbeere	-1.5809688614608555	0.6998651452221826	5
Aufsatz	0.04939460321129561	Historiker	-0.8161452756826415	0.6996366679980666	5
Panflöte	-1.4053535419523455	Violine	-0.17823321719958998	0.6996051287478411	5
Achsel	-0.41954896704381184	Spann	-0.6017881264316123	0.6994602082915662	5
Autoradio	-0.6276018986320187	Rücklicht	-0.7134439772025876	0.6994043937713853	5
Obelisk	-1.1061015215087864	Skelett	0.18454999242516884	0.6985851076278343	5
Bassist	-0.6605267058121579	Keyboard	-0.7483723064548506	0.6976536610143655	5
Rune	-0.5965216653923694	Zepter	-0.18209292234694802	0.6972755112953456	5
Stube	0.3808280526388794	Zeisig	-1.2181302809511407	0.6971056157035331	5
Aprikose	-0.5459781750249881	Hagebutte	-1.134282827709183	0.697050236987866	5
Akkordeon	-0.5259345589264538	Xylophon	-1.1997639729959297	0.6963610988555391	5
Gala	-0.37524506071344577	Quartett	-0.48642490813134764	0.6955642984350443	5
Aufstieg	-0.09008885242845321	Zerfall	-0.7323888442238834	0.6954651773266334	5
Gekicher	-0.9680795759654321	Pfiff	0.0876986261859494	0.695158532358842	5
Bison	-0.39106823741839647	Kojote	-0.9335110571921408	0.6941560428982334	5
Dienstmädchen	-0.940900844267784	Sekretärin	-0.17791949481007505	0.6934197337310373	5
Aubergine	-1.2813444286984716	Rosenkohl	-0.39820875523849375	0.6932528491140624	5
Mörser	-0.43426780569162493	Walze	-0.43780244754564956	0.6930594739014607	5
Grotte	-0.26173884647559503	Rune	-0.5965216653923694	0.6918439084061887	5
Bohrmaschine	-1.237026613215843	Lineal	0.00843812232261556	0.6911911411671842	5
Pinzette	-0.4796072099907647	Zäpfchen	-0.3701335807456483	0.6907749181196512	5
Globus	0.08351442428908269	Milchstraße	-0.8409046459010789	0.6907443394027843	5
Blaubeere	-0.9006719811282011	Haselnuss	-0.6496279493396087	0.6901666544725658	5
Tamburin	-1.2707043947414816	Tuba	-0.3315010475849224	0.6896611136596665	5
Bohrer	0.2190008831635636	Schraubstock	-1.5354261782292142	0.6886568099638982	5
Latzhose	-0.7341973097694572	Minirock	-0.8907700785698692	0.6882915321580724	5
Amboss	-0.4113671015646092	Kreissäge	-0.9871982240378785	0.6880953579141522	5
Klassik	-0.4591082430670324	Schlager	-0.44739032940156764	0.6873499775646318	5
Vormund	-0.7748996368422265	Witwer	-0.3017477828174557	0.68732892905448	5
Delle	-0.22075356711143615	Prellung	-0.785544920103504	0.6870991633027416	5
Gepard	-0.6024967875240617	Kojote	-0.9335110571921408	0.6868934296241469	5
Gepard	-0.6024967875240617	Raubkatze	-0.8422221260176131	0.6864610415193965	5
Couch	0.9170461802056554	Schreibtischstuhl	-2.2797180240275354	0.6852918161757653	5
Buckelwal	-1.5053539116859722	Eisbär	0.08123894363328281	0.6849160881994908	5
Rubin	-0.007705734481520304	Smaragd	-0.8553866466686855	0.6847832804425842	5
Filet	-0.4728516963020209	Praline	-0.44443415636770883	0.6841740433390215	5
Blazer	-0.949867969570001	Latzhose	-0.7341973097694572	0.6841689010163693	5
Satin	-0.8075395414163937	Schleier	-0.06126618101602423	0.6841175081965518	5
Rotkehlchen	-0.7403853821879682	Seeadler	-0.9653506797580302	0.6840093834250636	5
Taifun	-0.6085683023245484	Torpedo	-0.4300582622393425	0.6823332998683275	5
Pinzette	-0.4796072099907647	Schraubenzieher	-1.1482471102010834	0.681514596129946	5
Habicht	-0.5909709673108071	Zaunkönig	-1.0358922245690165	0.6813607605123553	5
Gepard	-0.6024967875240617	Schimpanse	-0.7791760938831856	0.6810565997553343	5
Clementine	-1.3837671342663889	Nichte	0.48783320782362705	0.6808871886789805	5
Klinik	0.8400692440351946	Sportarzt	-1.6383512778144285	0.680574879506276	5
Spachtel	-0.9779819798899806	Walze	-0.43780244754564956	0.6804638727060001	5
Ingenieur	-0.22002264535897184	Mathematiker	-0.9112622193925632	0.6802852201300538	5
Nektar	-0.22552780184025353	Nymphe	-0.8864839188392043	0.6800350115805365	5
Medaille	0.11184646686919367	Nobelpreis	-0.8664502254048033	0.6797864980944656	5
Beifall	0.16641459870831585	Gekicher	-0.9680795759654321	0.6796500278845137	5
Raubkatze	-0.8422221260176131	Wildkatze	-0.7766476890121211	0.6787876506324295	5
Kobra	-0.006002207391902201	Raubkatze	-0.8422221260176131	0.6786434945464895	5
Motorboot	-0.48246496232948305	Segelschiff	-0.8015376212604267	0.678510619036021	5
Moll	-0.45816003671680716	Requiem	-1.1336803233925954	0.5018841296305669	6
Abendrot	-0.5618193269622178	Silhouette	-1.3370747255474411	0.5014621591438768	6
Eisbergsalat	-2.0061133347346423	Weißkohl	-0.6770556996096946	0.5013961747971378	6
Kneifzange	-1.4378139160582737	Kurbel	-0.45500631285947096	0.5011617623754265	6
Dudelsack	-0.929957844733455	Musikbox	-1.094445341065566	0.5011470098742294	6
Grünfink	-1.6256282176375245	Habicht	-0.5909709673108071	0.49956667481832073	6
Reporter	0.27051654267949027	Tontechniker	-1.8266668854462866	0.49901116682415986	6
Psychologe	-0.9799184022412197	Therapeut	-0.8943033058269478	0.49832506690850126	6
Chaot	-0.7088655548098917	Vagabund	-1.1562862993892102	0.4977512785396138	6
Ingenieur	-0.22002264535897184	Laborant	-1.7075464036508612	0.497095770738131	6
Dekor	-0.7724426666296965	Panorama	-0.7587822812378975	0.4969742907757181	6
Gebieter	-0.8799197208583273	Tyrann	-0.6018143378574137	0.4953919602078811	6
Klettergerüst	-0.8912364895338044	Rollschuh	-0.8378065235571585	0.4948503970356476	6
Pumps	-0.891876433372613	Slipper	-1.2662254371390722	0.49346968682472986	6
Granatapfel	-1.7532149699121546	Haselnuss	-0.6496279493396087	0.4927811333188887	6
Betonklotz	-1.4584986015627728	Fassade	-0.11442259531784103	0.48896215405196586	6
Nachtigall	-0.5244536108618434	Zeisig	-1.2181302809511407	0.4883579266629208	6
Jawort	-0.7776400632191937	Mitgift	-0.9723513527527597	0.4875042842937837	6
Musical	-0.3478332213002422	Stepptanz	-1.572634486645655	0.4868414539492409	6
Monarch	-0.7612806690785615	Vormund	-0.7748996368422265	0.48667191600839854	6
Kegeln	-0.41358224530307797	Tischfußball	-1.9235030226866783	0.48615326554615407	6
Elektriker	-0.5635914710322334	Installateur	-1.8482055480274409	0.4853933216237257	6
Meißel	-0.6055586109539036	Schleifstein	-1.747150063118402	0.48457512785672774	6
Kranich	-0.42670521522895344	Turmfalke	-1.9209254588580809	0.48340070740276897	6
Gletscher	-0.4720916150904019	Sessellift	-1.5836111917773072	0.4833376699974724	6
Balalaika	-1.824055790245126	Walzer	-0.07896924163068118	0.48243486696569604	6
Entertainer	-1.2665563513761526	Rockstar	-0.740606178856076	0.4819920474346476	6
Albatros	-1.0087469339980124	Kolibri	-0.7350549944492837	0.4819268902456122	6
Gynäkologe	-1.4278574548282565	Krankenschwester	-0.5548427308266226	0.4798389420742398	6
Feile	-0.26576644162105917	Fräser	-1.9572291760248899	0.4797671716642706	6
Ganove	-0.6634950921270519	Vagabund	-1.1562862993892102	0.47967352155670967	6
Frischling	-1.1326097222681697	Ganove	-0.6634950921270519	0.4778759129096891	6
Billard	-0.5757523868729825	Tischfußball	-1.9235030226866783	0.47522916841686985	6
Bodenturnen	-2.0671316246567475	Rudern	-0.06706943872560557	0.4751862023358001	6
Optiker	-0.6685299545630512	Orthopäde	-1.408010431943726	0.47317360585605683	6
Auerhahn	-1.2277246053629414	Buntspecht	-1.1426499279507534	0.472838865262235	6
Goldschmied	-1.40619538596656	Uhrmacher	-0.6662669504055503	0.4723649787189022	6
Breitseite	-1.482414257671008	Schießen	-0.09136692108676589	0.47108393584351016	6
Kesselflicker	-1.8795583640517057	Magd	0.2846853349579539	0.47049597407771987	6
Gazelle	-0.48886271863391206	Warzenschwein	-1.7150054043326997	0.47015199774514876	6
Leier	-0.4481882838171851	Wiegenlied	-1.24496046034821	0.4701228874343928	6
Blattsalat	-1.601318905070454	Sushi	-0.4389739949975317	0.4700701303702898	6
Bratsche	-1.1745748028281053	Tamburin	-1.2707043947414816	0.4694834058528643	6
Chronik	-0.8815391631930595	Historiker	-0.8161452756826415	0.469092659114067	6
Entertainer	-1.2665563513761526	Produzent	-0.6693759022597483	0.4684982016722211	6
Archäologe	-1.2668886468771599	Geologe	-1.1022432978985983	0.4678997545537057	6
Blumenkohl	-0.3557157623742538	Zitronengras	-2.069261773425632	0.4670817826203625	6
Firmament	-1.3070840388081255	Äquator	-0.46515168135939217	0.4644846639386889	6
Iltis	-0.5183582310294488	Nebelkrähe	-1.765387219136229	0.4641465104986741	6
Luftraum	-0.5315033463011093	Luftschiff	-1.1190962344359743	0.4633031199059699	6
Untertan	-0.6919853176286088	Vagabund	-1.1562862993892102	0.45845536899237976	6
Tischfußball	-1.9235030226866783	Volleyball	-0.6986449299874503	0.45532334485202597	6
Kohlmeise	-1.5270250352215398	Kolibri	-0.7350549944492837	0.45254659704075495	6
Akrobatik	-1.26473001463179	Gymnastik	-0.6798052470915563	0.4523841385044997	6
Buntspecht	-1.1426499279507534	Steinadler	-1.3386527732072113	0.4519361910523253	6
Schleifstein	-1.747150063118402	Sichel	-0.324986004174624	0.4519326486758201	6
Jeansjacke	-1.3897182259153216	Regenjacke	-0.9544016538017782	0.45181362947503956	6
Chemiker	-0.40571820840270384	Informatiker	-1.7916022648017158	0.45153512519689654	6
Korken	0.24795204470997081	Maurerkelle	-2.0419355999510196	0.4506526723052918	6
Bakterie	-1.15365115271058	Parasit	-0.8544653636842892	0.45031255468774245	6
Akkord	-0.5954849992403111	Wiegenlied	-1.24496046034821	0.4487837311134364	6
Ozon	-0.6664022917088778	Vegetation	-1.0315537579276863	0.44876652319807525	6
Buntspecht	-1.1426499279507534	Murmeltier	-0.9271059734204569	0.4484916628237373	6
Bauingenieur	-1.726485672918349	Elektriker	-0.5635914710322334	0.4483190558884491	6
Seereise	-0.9471527055100271	Siesta	-0.9959752951949712	0.4468298047333077	6
Kegeln	-0.41358224530307797	Schlittschuhlaufen	-1.8621820638550253	0.44627713148324827	6
Frischling	-1.1326097222681697	Trampel	-0.7603325604947485	0.44587379661915527	6
Diskuswerfen	-2.1419361752447954	Weitsprung	-0.9590674179496443	0.44576067927015783	6
Ganove	-0.6634950921270519	Saboteur	-1.2527492120975066	0.4447016471998026	6
Auerhahn	-1.2277246053629414	Steinadler	-1.3386527732072113	0.44311831797180534	6
Jurist	-0.5073669123259994	Publizist	-1.663362117032687	0.4428480463770545	6
Judo	-0.3695401937737089	Turmspringen	-2.1980029715504976	0.4427791694186787	6
Speerwerfen	-1.831669036243487	Torwart	0.10500751017432111	0.44190482637414197	6
Drilling	-0.7853418931075263	Piranha	-0.9413829304464796	0.44105319065786913	6
Bachstelze	-2.015520830039507	Habicht	-0.5909709673108071	0.44026842479520556	6
Dachdecker	-0.8651274026045239	Fliesenleger	-1.7915500324692752	0.438341547722511	6
Frechdachs	-0.9267126817055438	Piranha	-0.9413829304464796	0.4371957434811819	6
Florist	-1.2395923924315204	Gastwirt	-0.6726400069033208	0.4359879593433986	6
Sprint	-0.6938601565407609	Zerrung	-1.2544485803543584	0.4350573699974609	6
Anrichte	-1.0835054500017796	Klapptisch	-1.3344607901066636	0.4343960701233138	6
Entertainer	-1.2665563513761526	Trickfilm	-0.6305628923020496	0.4339112444318674	6
Philosoph	-0.9128042012735457	Theologe	-1.118347260992883	0.4334827374204116	6
Auerhahn	-1.2277246053629414	Blaumeise	-1.4417746339641118	0.4333313888148434	6
Faulpelz	-0.6711494150595351	Jammerlappen	-1.3145632395348288	0.4328184452123837	6
Buchhändler	-0.9246686617772779	Konditor	-0.9795261878369645	0.43125345756333267	6
Reibeisen	-1.9870079427849616	Vanille	0.03681020338207273	0.43117723643969463	6
Kreuzspinne	-1.9870738548946207	Larve	-0.24650561110326047	0.4311613774342525	6
Eintracht	-0.8159844637220975	Fortuna	-0.9771671394601896	0.4310676441009096	6
Sperber	-0.9999557055123799	Zeisig	-1.2181302809511407	0.42715734826483637	6
Fenchel	-0.7474391009818246	Schalotte	-1.8674228950532779	0.4263536995098301	6
Delikatesse	-1.1416238530033427	Ration	-0.7099457545905333	0.42553311188385845	6
Buchbinder	-1.6578160992047564	Schuhmacher	-0.791975795406783	0.4220380926721127	6
Rivale	-0.6604699361154576	Saboteur	-1.2527492120975066	0.42186264893293507	6
Mäusebussard	-2.3648604560702284	Reiher	-0.44002414163373765	0.4215963112889846	6
Literatur	-0.0354583399779597	Soziologe	-1.7319769841715607	0.42144269323412775	6
Stabhochsprung	-2.079214113425349	Weitsprung	-0.9590674179496443	0.4197950475340264	6
Aufpreis	-0.9331814640550409	Spesen	-0.9256089089388153	0.4197866831548138	6
Anrichte	-1.0835054500017796	Wäscheschrank	-1.407682378000911	0.4187878097279989	6
Bakterie	-1.15365115271058	Mineral	-0.815771187547238	0.4153756349802413	6
Anekdote	-1.0670065005747698	Biografie	-0.8351756895680522	0.41436759730607026	6
